track_id,song_id,artist_id,artist_name,song_title,genre,match_1_title,match_2_title,match_3_title,match_1_word_count,match_2_word_count,match_3_word_count,cosine_match_1,cosine_match_2,cosine_match_3
TRVYEUW128F148C08D,SOFCCWD12AF72A6BC0,ARXPPEY1187FB51DF4,Michael Jackson,All The Things You Are,blues,These Arms Of Mine,Please Baby,Baby Be Mine,115.0,141.0,377.0,SOKNNUH12AB018D271,SOLJQGJ12AB01872F6,SOTLPVB12CF5CFD7F3
TRCXKPC128F92FD04C,SOEFNXT12AB017E829,ARZENOX1187B98A645,John Mayer,Vultures,blues,Fire and Heights,Never Gonna Give You Up,Jerusalem,621.0,442.0,480.0,SOSWVVV12A8C13C21C,SOFXBUV12AB0187A06,SOPJZCC12A8C13FF7B
TRMMALW128F92FD049,SOVUCRS12A58A7D207,ARZENOX1187B98A645,John Mayer,Out Of My Mind,blues,Half Right,If I Had,Half Of My Mistakes,147.0,736.0,264.0,SOLHSUR12A8C1372D3,SORAWSB12A6701FBC8,SODBAYW12AB018AAD3
TRJWAJC128F9327C4F,SORMDVX12AB01816AA,ARLMXEA1187B9A7D04,R. Kelly,Hump Bounce,blues,Here We Go,Don't Stop,Here I Am (Come And Take Me),374.0,272.0,271.0,SOXSRBF12D021B1340,SOBJWZJ12A8C1300E8,SOLFMIZ12A6D4F8330
TRPEBTH128F9327C4D,SOYTJAC12AF729F49D,ARLMXEA1187B9A7D04,R. Kelly,Intro - The Sermon,blues,Pass The Mic (Pt. 2_ Skills To Pay The Bills) (2009 Digital Remaster),Interlude 5,The Way It Is,560.0,1903.0,416.0,SOPWGZI12AB018332B,SOONCPO12AF72A1986,SOMQFTM12AB0181667
TRNWHUD128F932E304,SOXUKQZ12AB01860EE,ARXPPEY1187FB51DF4,Michael Jackson,Call On Me,blues,Just Right,Oh Baby I,5:19,684.0,444.0,212.0,SOQSJPL12AF729C98D,SOSKIZH12A6D4F7B05,SORPORK12AB0189A61
TRFGGSX128F427A723,SOIBZAN12D02191BAF,ARS8GNX1187B9B5141,The Black Keys,Oceans and Streams,blues,What Can I Say,Time To Grow,Dreams,234.0,324.0,479.0,SORZTAS12A8C13E0F6,SOPOWVI12A6D4F4F91,SOGKRFR12A8C13CB89
TRPTCMZ128F9340B09,SOLKOOO12AB018794A,ARS8GNX1187B9B5141,The Black Keys,10 A.M. Automatic,blues,Bonin' In The Boneyard,Rockin' Pneumonia,Baby Help Me,167.0,30.0,179.0,SOPGGDC12A8C134FF3,SOHSVHB12A8C13973D,SOETIJA12AB018BECA
TRVKLGW12903CB4523,SOZCSPA12AB0185672,ARS8GNX1187B9B5141,The Black Keys,Aeroplane Blues,blues,13 Months Of Sunshine,Sufferin' In The Land,Elephant Clouds,263.0,94.0,135.0,SOGJSUY12A8C133398,SOOWDXU12A8AE4815F,SOQBRNE12A6D4FC212
TRFBNZN128F9340B0E,SONGYFE12AB018562D,ARS8GNX1187B9B5141,The Black Keys,All Hands Against His Own,blues,Outside The Trains Don't Run On Time,Brotha,GO,129.0,263.0,192.0,SOKNQBS12A8C13F15D,SONYFZL12AB018468A,SONGPQL12A8AE45DE5
TRBYDKJ12903CA9D33,SOTXSMC12AB0182217,ARS8GNX1187B9B5141,The Black Keys,Black Door,blues,Take Me To The Backseat (Album Version),Jeep Ass Niguh,Oh Baby I,253.0,588.0,444.0,SOHXKYR12AB017C5D3,SOZMTZR12A6D4F6774,SOSKIZH12A6D4F7B05
TRWJKJK128F9338FEF,SOIFDQD12AB01822F5,ARS8GNX1187B9B5141,The Black Keys,Busted,blues,Caught Up,If Trust Is Broken...,These Boots Are Made For Walkin',673.0,108.0,381.0,SOEOKHN12A81C2160D,SOJAKGK12A8C13A5A0,SOOMIBO12A8C142F94
TRUULBP12903CA9D23,SORMOIW12AB01887F0,ARS8GNX1187B9B5141,The Black Keys,Give Your Heart Away,blues,Share My World,Anytime,One Night,405.0,384.0,172.0,SOJUIXL12AF729FE1E,SOVODWN12D02199268,SOTSSMB12A6D4FB7FB
TRYYJHJ128F9340B19,SOKGVJH12A58A77920,ARS8GNX1187B9B5141,The Black Keys,Grown So Ugly,blues,Whose Muddy Shoes,Louise,Snoopafella (Edited),183.0,253.0,948.0,SOQXPEH12A6D4FE1DB,SOBOVMY12A6D4FB4E9,SOIYRHZ12A67AD8126
TRHHJCL12903CB44B7,SOFRWHG12A58A7DF46,ARS8GNX1187B9B5141,The Black Keys,Hard Row,blues,Enjoy Yourself,Let Yourself Go,Whatever Gets You Through The Day,318.0,170.0,309.0,SOOLZTM12A58A7B918,SOSBPHK12D02190471,SOXKRVD12A679C803C
TRWZXDS128F427A71B,SOAJJDS12A8C13A3FB,ARS8GNX1187B9B5141,The Black Keys,I Got Mine,blues,Winter Rose,Please Baby,Rollin' Mama Blues,88.0,141.0,196.0,SOKWUAB12A8C1386FE,SOLJQGJ12AB01872F6,SOQFKAW12AB01870FE
TRZDLWE12903CB44DE,SOURIRH12A58A7B408,ARS8GNX1187B9B5141,The Black Keys,If You See Me,blues,Treat Me Like A Lady,Door To My Heart,Treat The Youths Right,273.0,96.0,385.0,SOBXKKJ12AB0183D6E,SOXUYLC12AB018E1DF,SODOPOK12A58A8174F
TRNZQVO128F427A71E,SOIQUSV12A8C13A402,ARS8GNX1187B9B5141,The Black Keys,Lies,blues,Kiss Of Death,Close Your Eyes,I've Always Been A Coward Baby,296.0,209.0,215.0,SOKLGKV12A6D4F6BD8,SOANHPJ12A67ADC8CF,SOUJGZV12A8C1397FF
TRAECHJ12903CC36DA,SOCQQSU12AB0185BF4,ARS8GNX1187B9B5141,The Black Keys,Next Girl,blues,The Girl That I Marry,Cavatina,The Girl Next Door,122.0,111.0,124.0,SOAXNAH12A8C132CB9,SOLBOLW12A8C14579E,SOBELBD12A58A7CD17
TRRVSIN128F9338FD5,SOSICNK12AB01876BB,ARS8GNX1187B9B5141,The Black Keys,No Fun,blues,No Fun (Remasterd LP Version),Kicking And Screaming,Time Out For Fun,136.0,177.0,247.0,SOFAXTF12A6D4F7600,SOZDZTA12AB017CCAF,SODPYEI12A6D4F7163
TRYMMVG128F9340B1B,SOHKBXW12AB0185660,ARS8GNX1187B9B5141,The Black Keys,Stack Shot Billy,blues,I Shot The Devil,Down By The River [Live At Massey Hall 1971],Shot Of Love,169.0,187.0,369.0,SOPPVLJ12A58A7B931,SOEWUNT12A6D4FC8C8,SOQULAF12A8C132007
TRKSEEY12903CCD312,SOTEPSZ12AB018C99D,ARS8GNX1187B9B5141,The Black Keys,Ten Cent Pistol,blues,Right About Now,Lady Down On Love,Cyclops,201.0,234.0,121.0,SOMXSFN12A6D4FB088,SOTLWMR12A8C13FD0A,SOVDECX12A67021676
TRFOGQC12903CA9D2E,SOTDIMP12AB01821E8,ARS8GNX1187B9B5141,The Black Keys,The Flame,blues,Flames of Love,Kissing The Flames,Wheel Of Fortune,168.0,147.0,141.0,SOUQKEE12AC960DE13,SOJPGMO12A8C136D25,SOHAGMZ12A8C140703
TREVCQU12903CCD318,SOGECRB12AB018C9AB,ARS8GNX1187B9B5141,The Black Keys,These Days,blues,Last to Know,The Howling,Vincent (Starry_ Starry Night) (Album Version),530.0,339.0,274.0,SOOLJWO12AF72A304D,SOOWNCS12A8C1423B8,SOGQZMP12A8AE4542F
TRFLJNE12903CB44F1,SOBJBEU12AF729D526,ARS8GNX1187B9B5141,The Black Keys,When The Lights Go Out,blues,Just Don't Want To Be Lonely,Force Quit,Playgrounds And City Parks,235.0,157.0,177.0,SOBYRLD12A8C133433,SOLXXSN12A8C13AC3C,SONGVHA12A58A7AE3E
TRQNNKX12903CB44CA,SOCULJG12A8AE4714D,ARS8GNX1187B9B5141,The Black Keys,Have Love Will Travel,blues,I Miss You,I'm Not In The Mood (To Say No)!,Reggae On Broadway,293.0,430.0,302.0,SOLXQHT12A8C13BE14,SOOZOFD12A6701DF50,SOKCEXR12A6701C3EB
TRKNKGC128F42A746A,SOUZEJD12D021B5336,AR20CFC1187B98A25D,Ray Charles,C.C. Rider,blues,All Along The Water,Careless Love,The Price You Pay,283.0,66.0,256.0,SOMINWR12AF72AB038,SOEWPKA12AB0187D87,SOODCRT12A8C132933
TRWEHQE128F935A2D6,SOKQSDH12AB0188B1A,AR20CFC1187B98A25D,Ray Charles,I Got a Woman,blues,Only Fool In Town (2002 Digital Remaster),Full-Time Lover,It's All Over,241.0,178.0,246.0,SOPFOON12A58A7925C,SOHJDPV12A8C1435AD,SOZWPSF12A8AE48BA4
TRPMJOK128F92F317A,SOQWJXH12AAF3B5B0F,AR20CFC1187B98A25D,Ray Charles,The Sun's Gonna Shine Again,blues,Black Dog,I BELIEVE,When The Saints Go Marching In,273.0,355.0,201.0,SOEWJIT12AF72A186E,SOZUOXB12A81C22A66,SOFXKZC12A8C13B926
TRGXECP12903CDDC43,SOCLEEQ12D021B23E0,AR20CFC1187B98A25D,Ray Charles,Losing Hand,blues,Caught Up,I Don't Wanna Lose Your Love,Higher,673.0,564.0,397.0,SOEOKHN12A81C2160D,SOJCHKR12AB018023B,SONCSOX12AB017F3A5
TREQYGT128E07859FA,SOZOJBP12A6701E425,ARV9LSS1187B98C471,Blake Shelton,Nobody But Me (Album Version),blues,Nasty Grind,Nobody's Man,It's All Over,388.0,207.0,246.0,SOQIZVC12AB0187899,SODPYTW12A67ADD31E,SOZWPSF12A8AE48BA4
TROFEVE12903CD8AAA,SONQLUB12D02199FCD,AR66H0N1187B9AE91E,Etta James,A Sunday Kind of Love,blues,Sprung,London Boys,I'm Cool,307.0,111.0,131.0,SOKLOOH12A6D4F6EED,SOBTJXA12A8C1434BF,SOWZYPQ12AAF3B1F3D
TRCFPJF128F428A872,SOKCCML12D021B0FC6,AR66H0N1187B9AE91E,Etta James,I Just Want To Make Love To You,blues,I Just Want To Make Love To You,You Got Me,Give Me What I Want (LP Version),148.0,317.0,406.0,SOIOJXG12A8C1354A3,SOCIYRJ12A8151D3CD,SOJKGFW12A58A80A76
TRBFTHL128C7196B42,SODJRCC12D02192374,AR66H0N1187B9AE91E,Etta James,My Dearest Darling,blues,Come Back Darling,Stir It Up,My Special Prayer,152.0,211.0,129.0,SOGXHTF12A58A7C7E8,SOQCBUL12A8C13926A,SOOYLAP12A58A7917C
TRFEGGQ128E07898AA,SOMPSXS12D021B12D7,AR66H0N1187B9AE91E,Etta James,W.O.M.A.N.,blues,I'm A Woman,The Great Collapse,Kind Hearted Woman Blues (Album Version),296.0,57.0,129.0,SOAMKZP12A8C13E379,SOYMEOT12A6701DE9A,SOICNJH12A81C22263
TRDDDDX128E0793212,SOIOOIR12A58A7EBB8,ARLAUED1187B9ACEAF,Eric Clapton,Alberta,blues,Ain't Had No Lovin',Been So Long,Try Our Love Again,176.0,262.0,399.0,SOTRSWP12A8C13B1B5,SODJKKG12A6D4F71E9,SOKJTXX12A6D4F71E7
TRWBAGY128F93034BF,SOXIVQT12AB0181061,ARLAUED1187B9ACEAF,Eric Clapton,Before You Accuse Me (Take A Look At Yourself),blues,Before You Accuse Me,Up To No Good,If You Want A Mother,137.0,228.0,269.0,SOCTRDB12AB0180FDB,SOABQUF12AB018913C,SOEWRME12A8C1413F6
TRLWIBC128E0792E2C,SORMUAO12A6D4F9262,ARLAUED1187B9ACEAF,Eric Clapton,Early In The Morning,blues,Allow Me One More Show,If I Needed You,Shining Moon,175.0,105.0,123.0,SOYUJZH12A8AE47282,SOBQHCC12A8C13B469,SOYQGVP12AB017ED97
TRAZQIG128F146372E,SOFZYKR12A6D4F72A5,ARLAUED1187B9ACEAF,Eric Clapton,Floating Bridge,blues,Stormy Monday,Since Yesterday,Down At The Landing,157.0,227.0,168.0,SOQLHFS12B35058AB4,SOJGJGM12A8C13BB7E,SOFQQFO12A6D4F873D
TRQUJCP128F4238206,SOICNJH12A81C22263,ARLAUED1187B9ACEAF,Eric Clapton,Kind Hearted Woman Blues (Album Version),blues,Kindhearted Woman Blues,Woman Trouble,W.O.M.A.N.,141.0,162.0,163.0,SOBZWGW12AB01848B5,SOBZWEV12A6D4F8141,SOMPSXS12D021B12D7
TRIDJMD128E078B984,SOWGAGY12A6701F305,ARN0YZ71187B9BA57B,Michael Bublé,That's All (Album Version),classical,Straight From The Heart,Even Tho',Love Me Warm And Tender,354.0,198.0,173.0,SODPWFR12A6D4F7D1B,SOLNLDK12AB0189AD7,SODZAAQ12A8AE47CCF
TRYRCXF128F424183D,SOWXYFO12A8AE46AD3,ARGVJPK1187B9909EA,Josh Groban,America (Revised Live Version),classical,America,Death Of A Ladies' Man,I Forgot,176.0,381.0,210.0,SODBQDI12AF729E437,SOUOOXW12A8AE46318,SOOKCVF12A8C140590
TRDQLTF128E0787809,SODUTDM12A67020476,ARGVJPK1187B9909EA,Josh Groban,Broken Vow (Album Version),classical,Broken Vow,More Than Words,Invisible Shield,210.0,271.0,280.0,SOUNNKZ12A8C13E432,SOMIAJE12A8AE47661,SOGEXGG12A6D4F6F56
TRUAAEQ128F423C52D,SOGDUMI12A8AE45417,ARGVJPK1187B9909EA,Josh Groban,Gira Con Me Questa Notte (Album Version),classical,Piano (Memory),Caruso,La Canzone Dell' Impossibile,95.0,167.0,118.0,SOUKPKK12AB017D865,SOZUFWK12AAF3B2720,SOVUIPG12A8C13688B
TRYGDNA128E078780C,SOWLNSE12A67020479,ARGVJPK1187B9909EA,Josh Groban,Hymne A L'Amour (Album Version),classical,L'Homme De La Situation,A Tes Côtés,Mon Ange,240.0,105.0,195.0,SOOENSR12A8C144088,SOBCEPY12A6D4F88B0,SOGUZYS12AB01843BE
TRDFTPP128F427550C,SOWOPHG12A8C13DB44,ARGVJPK1187B9909EA,Josh Groban,It Came Upon A Midnight Clear (Album Version),classical,The Crash Of Angel Wings,You're My Angel,Angel,182.0,102.0,448.0,SOJFEIH12A8C13EE41,SOIQWMA12A8C137455,SOKNHPO12A8C1435F9
TRRBWRX128F423C535,SOBFGZA12A8AE4542A,ARGVJPK1187B9909EA,Josh Groban,Let Me Fall (From Cirque du Soleil) (Album Version),classical,Catch Me,Let The Chips Fall,If Only For One Night,181.0,167.0,218.0,SORJOPS12A58A7A759,SOZECBI12A8C1391DC,SOHRTKD12A58A7A8D4
TRJSTLV128F4241832,SOHCDYF12A58A7C604,ARGVJPK1187B9909EA,Josh Groban,Mi Mancherai (Il Postino) (Revised Live Version),classical,Come Primavera,Il Pugile Sentimentale ( Live ),Semplicemente (Canto Per Te),81.0,139.0,182.0,SOBTJJR12A8C13FB29,SOKVBUA12A8C13DF11,SOAAGGH12A8C136617
TRBRHPE128E0787803,SOJCMKN12A67020471,ARGVJPK1187B9909EA,Josh Groban,My Confession (Album Version),classical,Blessed,Beautiful Day,Careful,320.0,347.0,156.0,SOJPMXC12A58A7C2BA,SOADMHW12AB017E442,SOGNFOD12A6D4F8584
TRLJSTZ128F4241831,SOTEXNI12A8AE46AAE,ARGVJPK1187B9909EA,Josh Groban,Oceano (Revised Live Version),classical,Niente Per Scontato,Mamma,La Scala (The Ladder),150.0,113.0,130.0,SOGYWXC12A8C13687B,SOCCWML12AB017EAD5,SODODTD12A8C14466D
TRGURIJ128E078780B,SORUSFO12A67020478,ARGVJPK1187B9909EA,Josh Groban,Remember When It Rained (Album Version),classical,Remember When It Rained (Revised Live Version),Oh Na Na Na,Dla Niego,138.0,56.0,36.0,SOEIAOV12A8AE46AC4,SOZYNTT12A8C138164,SOFHGOE12A8C139836
TRYKKOX128F4241839,SOEIAOV12A8AE46AC4,ARGVJPK1187B9909EA,Josh Groban,Remember When It Rained (Revised Live Version),classical,Remember When It Rained (Album Version),Oh Na Na Na,Dla Niego,138.0,56.0,36.0,SORUSFO12A67020478,SOZYNTT12A8C138164,SOFHGOE12A8C139836
TRUVBEG128F92F0B48,SORJUAX12AB017CB28,ARGVJPK1187B9909EA,Josh Groban,Smile,classical,My Love Remains,Don't Need The Sun To Shine (To Make Me Smile),By The Time It Gets Dark,292.0,425.0,89.0,SOJJKQP12AB018AB8A,SOUQBMR12A6D4F8BA8,SOKFMVT12A8C13CD60
TRJBNZG128EF35A1AA,SOMYGPN12A6D4F7E28,ARGVJPK1187B9909EA,Josh Groban,Solo Por Ti (Album Version),classical,Solo Con Un Beso,En nuestro aniversario,Que Voy A hacer Sin Tí,327.0,135.0,297.0,SOCXCBB12A8C140501,SOPHQZK12A8C142057,SOMVWGK12A6D4FE90E
TRPJAPP128EF35A1AC,SOAGVMD12A6D4F7E2A,ARGVJPK1187B9909EA,Josh Groban,Un Giorno Per Noi (Album Version),classical,Niente Per Scontato,Dentro Me,Che Gelida Manina,150.0,114.0,84.0,SOGYWXC12A8C13687B,SOWBQDP12A6D4FCD0A,SORBPSA12AB018BF29
TRUDTXB128F423C537,SOGQZMP12A8AE4542F,ARGVJPK1187B9909EA,Josh Groban,Vincent (Starry_ Starry Night) (Album Version),classical,Never Ending Nights,Set It Free,Broken Buildings,128.0,233.0,138.0,SOURQAE12A6D4FCD70,SOCMFHV12A8C13090D,SOUUAHI12A67AD822A
TRMVVDP128E0787806,SOTQRPK12A67020473,ARGVJPK1187B9909EA,Josh Groban,When You Say You Love Me (Album Version),classical,Bizarre Love Triangle,It's Time,When Your Eyes Say It,269.0,278.0,383.0,SOIAEJI12AF72A1A3A,SOZSUAO12A8AE4938A,SOGQSNV12A8C139B54
TRIEQWR128E078780D,SOULFRO12A6702047A,ARGVJPK1187B9909EA,Josh Groban,You Raise Me Up (Album Version),classical,You Raise Me Up,This Punishment,Raise Your God,192.0,42.0,44.0,SODMEAX12AC468C0D8,SOAIIPA12A8C13E0EC,SOTVPRG12AB0186CD1
TRBEYYM128F1493C56,SOKMZQL12A58A76B19,ARGVJPK1187B9909EA,Josh Groban,Believe (Album Version),classical,I Believe,Where Is Your Heart At?,Do You Believe Me Now,229.0,358.0,208.0,SOYSDJX12AB0183F8C,SOCKYPE12A8C1343B2,SOWKUGS12A8C131096
TRPITXR128F427FA1B,SOEEMLZ12A8C136C5C,ARH861H1187B9B799E,Johnny Cash,Away In A Manger,classical,Away In A Manger,Raio No Terrasu (Jesus Wept),Little Lord Obedience,104.0,96.0,346.0,SOBYTMJ12A8C13A9F6,SOFBUYL12A8C1439EA,SOFGWEX12AB018479D
TRGFMUJ128F423C52F,SOKABLD12D021991AC,ARGVJPK1187B9909EA,Josh Groban,Cinema Paradiso (Se) (Album Version),classical,Oggi,La Promesa,L'Attesa,86.0,114.0,143.0,SOXCIUD12A8C136894,SOGDPXK12AF72A389C,SORRGVU12AF72A67F0
TRGVTSO12903CABC19,SOPPSEF12AB018ADD4,ARFM3UU1187B994C88,David Crowder*Band,All Around Me,classical,Will I Get Out Of Jail,Asleep,My Heart Belongs To You,312.0,138.0,324.0,SOHMTYM12AB01872A1,SOQGYPE12A67ADE94A,SOKJPGI12A8C136FB9
TRJGMSL128F4230A6C,SOWYWPP12A81C20850,ARPBTRI1187FB52457,The Game,Black Opera,classical,Ho's A Housewife,Crossing the Boundary,The Dayz Of Wayback,799.0,664.0,496.0,SOREKHT12AB0186F11,SOJTWQJ12AF729CEF8,SOXMLFS12A6D4F6CE8
TRBGUUE128F1494FB6,SOGDJWU12A58A7DA10,ARJA1841187FB3A029,David Bowie,Baal's Hymn,classical,A Thing Called Love,The Illest Brother,Mortal City,243.0,819.0,667.0,SOHCAKG12A8BED7973,SOBCPJM12AF72A4F1D,SOIFEFO12AB017D3C3
TREPYPE128F92EB38C,SOBAQGA12AB017C9F2,ARNJ9LU1187B9A56A6,Il Divo,Adagio,classical,Musica,Adagio,Il meglio di te,93.0,93.0,99.0,SOADHZE12A8C13FB39,SOWFORM12A8C132376,SOJDYAO12AC960A0C4
TRGZRPJ128F92EF7E2,SOJBCHJ12A8C140942,ARNJ9LU1187B9A56A6,Il Divo,Adeste Fideles,classical,O Holy Night,O Holy Night,Flow,226.0,143.0,73.0,SOGBKDN12A8AE469FE,SOAPBQG12A8AE49981,SOUYTNH12AB018E30D
TRGXTYR128F42ACF5F,SOJILSK12A8C13F427,ARNJ9LU1187B9A56A6,Il Divo,All By Myself (Solo Otra Vez),classical,Amor Mio No Te Vayas,Otra Vez,Sin Conocerte,300.0,175.0,304.0,SOLNPSC12AB017B9C6,SOGEFKO12AF72AA17F,SOSUTTK12A8C140440
TRVXXVG128F933AB88,SOHGPTR12AB01874F5,ARNJ9LU1187B9A56A6,Il Divo,Amazing Grace,classical,Amazing Grace,Peace,Playstation Blues,146.0,134.0,131.0,SOMLXPG12A6D4F7CF7,SOEBLVC12A6702081E,SOEKBGW12A58A778E6
TRLFGML128F92EB391,SOMZKFD12AB017CA0C,ARNJ9LU1187B9A56A6,Il Divo,Angelina,classical,Cantando,Sonrisa especial,Abre tu puerta (y cruza el universo),671.0,199.0,361.0,SOAEBYL12AC468B119,SOMMYOR12A6D4FA27A,SOKNONI12A6D4F7E2F
TRVFSWI128F42ACE94,SOJZKPG12A8C13F9E0,ARNJ9LU1187B9A56A6,Il Divo,Ave Maria,classical,Come Primavera,Fili,Roma Sogna,81.0,130.0,136.0,SOBTJJR12A8C13FB29,SOXUYDK12A8C13D7EB,SOLVICZ12A58A7A683
TRMKTUF128F42BC140,SOLHDOP12A8C13FB24,ARNJ9LU1187B9A56A6,Il Divo,Caruso,classical,Caruso,La Canzone Dell' Impossibile,Nessun dorma!,167.0,118.0,49.0,SOZUFWK12AAF3B2720,SOVUIPG12A8C13688B,SOHKDXA12A6D4FDC49
TRXNYOZ128F42BC146,SOBTJJR12A8C13FB29,ARNJ9LU1187B9A56A6,Il Divo,Come Primavera,classical,Ave Maria,Passeggeri Distratti,Tristesse,73.0,127.0,54.0,SOJZKPG12A8C13F9E0,SOANXBN12AB017FAE3,SOIICDQ12AB017EAD9
TRYFLQK128F92EF7F1,SOOVZJZ12A8C1399B9,ARNJ9LU1187B9A56A6,Il Divo,Dentro Un Altro Si,classical,Oceano (Revised Live Version),Per combattere l'acne,L'Età Dei Figuranti,130.0,110.0,176.0,SOTEXNI12A8AE46AAE,SOTSRFU12A8C14262C,SOZCUIF12A58A804BF
TRRWCOL128F42AD05D,SOOZNYR12A8C13D9F7,ARNJ9LU1187B9A56A6,Il Divo,En Aranjuez Con Tu Amor,classical,Aranjuez Ma Pensee,Hermanos de sangre (Rulot 05),No te creas,82.0,143.0,78.0,SOEGNRW12A58A7D9AB,SOBJHKK12A6D4F928A,SODGHNL12A8C139F74
TRVRPTI128F92EB390,SOCREBZ12AB017CA05,ARNJ9LU1187B9A56A6,Il Divo,Enamorado,classical,Alejate De Mi,Virgen De Riña,Volcan,272.0,113.0,146.0,SOFDJSB12AB0183B5B,SOTFGTY12AB01818F9,SOMIPYU12A6D4FB8E6
TRGRNWU128F42AE46D,SOLRRGS12A8C13FD5A,ARNJ9LU1187B9A56A6,Il Divo,Esisti Dentro Me,classical,Ognuno Soffre,Se Tu Non Sei Lei,Ave Maria,113.0,165.0,73.0,SORNOTZ12AAF3B5924,SOUXHYP12A6D4F6BF3,SOJZKPG12A8C13F9E0
TRNXWLK128F92EC9A7,SOVINFL12A8C139286,ARNJ9LU1187B9A56A6,Il Divo,Everytime I Look At You,classical,Playstation Blues,My Big Mistake,Lost In This Moment,131.0,333.0,313.0,SOEKBGW12A58A778E6,SOYSWYA12A8C134CA1,SOBOLPJ12A8C14403E
TRITOVK128F92EC9A0,SOCVWFF12A8C13B6EE,ARNJ9LU1187B9A56A6,Il Divo,Feelings,classical,Niente Per Scontato,Semplicemente (Canto Per Te),L'Età Dei Figuranti,150.0,182.0,176.0,SOGYWXC12A8C13687B,SOAAGGH12A8C136617,SOZCUIF12A58A804BF
TRRLVOI128F92EB38D,SOKINKK12AB017C9F6,ARNJ9LU1187B9A56A6,Il Divo,Hallelujah (Aleluya),classical,Buenaventura Y Caney,El ectoplasta,Amores Como El Nuestro,165.0,191.0,182.0,SOJTASV12A8C13AFBA,SOXMTJO12AB0183607,SOBHPQI12A58A79472
TRHPPNF128F42ACFA9,SOCXAJQ12A8C13FD4E,ARNJ9LU1187B9A56A6,Il Divo,Hasta Mi Final,classical,Llorar duele mas,Tal Para Cual,Todavía Me Amas,142.0,199.0,265.0,SOREUST12AB0183EEA,SOLUHNJ12AB01871BC,SOFREAO12AB0187603
TRUXYDP128F93234BD,SOYGKHG12AB01804C8,ARS54I31187FB46721,Taylor Swift,Crazier,country,Love Goes Down,You Made Me Feel,Watch The Sky For Me,238.0,240.0,152.0,SOJGSYF12AB018CB01,SOTRKCS12A8C1384D3,SOWQLJO12AF729C3AB
TRKVVVK12903CB592C,SODUDUN12AB018CCAB,ARS54I31187FB46721,Taylor Swift,Fifteen,country,Interlude 5,The Illest Brother,Act A Fool,1903.0,819.0,624.0,SOONCPO12AF72A1986,SOBCPJM12AF72A4F1D,SOZVCKM12A8C138484
TRUVVME12903CBA350,SORRBVQ12A58A7AA33,ARS54I31187FB46721,Taylor Swift,Change,country,Days Like These,Interlude 5,Handsworth Revolution,559.0,1903.0,279.0,SOBDJYO12A81C22157,SOONCPO12AF72A1986,SOOLEAJ12AB01868A3
TRZGWCY12903CEF521,SOVMMRT12D021B2E6E,ARHATLI1187FB52C76,Toby Keith,You Can't Read My Mind,country,Not Your Baby,DHC,Help Me Find A Way To Your Heart,402.0,284.0,442.0,SONZTKX12A6D4FB006,SOHSOGT12A58A7DDC4,SOFPRGJ12AB018332B
TRMAVQT128F4270DBF,SOLJTVT12A58A79F96,ARH861H1187B9B799E,Johnny Cash,Man In White,country,Snoopafella (Edited),The Hourglass,Oklahoma,948.0,889.0,336.0,SOIYRHZ12A67AD8126,SOIWGDT12AB018A591,SOCMBEE12A8C131A30
TRWVEDL128F4293EA3,SOOVRMN12AF72A0933,AR7ZFLN1187FB4830A,Rascal Flatts,Holes,country,Safe Word,Indian Queens,The Truth,170.0,238.0,64.0,SOSANYV12AB0186251,SOEEBSI12A8C1428D9,SOZJKVQ12AB017F652
TRTVVYX128F9328DBA,SOMKEYV12AF72A20B2,ARFL99B1187B9A2A45,Sugarland,Baby Girl,country,Never Gonna Give You Up,Send It To Me,Please Come Home For Christmas,442.0,293.0,140.0,SOFXBUV12AB0187A06,SOMVMAP12A58A7A18A,SOJRAFF12A8C1391DD
TRTGPPK128F1459DD4,SOIHEED12A6D4F5E36,AR4DW2Q1187FB44DB6,Billy Currington,Growin' Up Down There,country,Dumb,Summer In Dixie (Remastered Album Version),Summer,453.0,198.0,213.0,SOZDEKM12AB01866A4,SOBWJQZ12A6D4FD159,SOJUEAS12AB017CDAE
TRHUIRM128F426BFD5,SOMDWHQ12A6D4F5E30,AR4DW2Q1187FB44DB6,Billy Currington,Hangin' Around,country,Wish,I Forgot My Name,Chase The Clouds Away,100.0,147.0,141.0,SOHDAPA12A58A7F984,SOJXNRW12A8AE47CC3,SOTHXQK12A6D4F6902
TRJNTQQ128F426BFD0,SOVXWMI12A8C13B667,AR4DW2Q1187FB44DB6,Billy Currington,Here I Am,country,Looking Back On Vanity,Twizala,Lookin' Through The Windows,169.0,524.0,221.0,SOXOKBN12A670214D3,SOLCSXJ12A6D4F854B,SOHQSLE12A6D4FD852
TRZJCNT128F426BFCC,SOWNWBW12A8C13B65E,AR4DW2Q1187FB44DB6,Billy Currington,She's Got A Way With Me,country,Half The Man,Never Gonna Give You Up,A Thing Called Love,169.0,442.0,243.0,SOZLAUJ12A8C13A2C7,SOFXBUV12AB0187A06,SOHCAKG12A8BED7973
TRPZEWS128F92F585E,SOOSFVL12AB018253F,AR4DW2Q1187FB44DB6,Billy Currington,That's How Country Boys Roll,country,North Dakota,Roll On (Eighteen Wheeler),Indian Dance,231.0,406.0,420.0,SONCGGR12A8C14193D,SOMXVVN12AF72A7241,SOUFKJQ12A58A77756
TRYPBLE128F1459DD1,SOKHXYG12A6D4F5E33,AR4DW2Q1187FB44DB6,Billy Currington,Where The Girls Are,country,Girls Just Want To Have Fun,Girls Just Want To Have Fun (Demo),Screen Kiss,335.0,139.0,240.0,SOCAQJZ12AB017D40A,SOOKXFS12AB0180721,SODUWQX12A6310E09E
TRKVITQ128F4271B31,SOVALXP12D021B3DA8,ARH861H1187B9B799E,Johnny Cash,Daddy Sang Bass,country,Lawrence,Daddy Frank,Daddy's Moonshine Still,159.0,216.0,352.0,SOIVITZ12AB018218F,SOOYZRY12A6D4FD891,SOUZEOT12D021B3B83
TRGZDBB128F4270A4C,SOLWDNH12D021B2402,ARH861H1187B9B799E,Johnny Cash,I Don't Know Where I'm Bound,country,Dos Factotum,One Nation (Album Version),Back water blues,679.0,278.0,166.0,SOIDJYH12AB0183988,SOYPYZV12A8C13CCDF,SODESVE12A8C1446D1
TRMBNRH12903D02C23,SOWLYYP12D0219044F,ARH861H1187B9B799E,Johnny Cash,I Was There When It Happened,country,Villains (Full-Length),Lord Of The Flies (Live In Dortmund),Ginuwine 4 ur Mind,277.0,233.0,383.0,SOHHAYF12A6D4F8C67,SOGGUIK12A6D4F5F5B,SOVRXLQ12AB018183B
TRBXYKU128F427915D,SOEXZQP12D021B0F1D,ARH861H1187B9B799E,Johnny Cash,The Big Battle,country,Killin' Spree,The Illest Brother,El Paso,451.0,819.0,457.0,SOMTUFP12AC392B62D,SOBCPJM12AF72A4F1D,SOIOCHH12AF72A4E08
TRFRXGD128F42717FF,SOHCAKG12A8BED7973,ARH861H1187B9B799E,Johnny Cash,A Thing Called Love,country,She's Got A Way With Me,Baal's Hymn,Travelin' Soldier,214.0,354.0,458.0,SOWNWBW12A8C13B65E,SOGDJWU12A58A7DA10,SOYXDXJ12AB017F815
TRYIYFG128F42603CC,SOOUGLY12A8BEE954A,ARH861H1187B9B799E,Johnny Cash,You Dreamer You,country,Asking Around For You,Just Like Heaven,You're My Angel,404.0,199.0,102.0,SODNYLK12AB0184688,SOECAWK12A8C13CB9A,SOIQWMA12A8C137455
TRQHDNY128F92E3A01,SOOFVUE12AB017B824,ARH861H1187B9B799E,Johnny Cash,I Walk The Line,country,Until You're Mine,Close Your Eyes,Still In Love With You,289.0,70.0,231.0,SOCOYYL12A3F1ED352,SOWRHCT12AC9618615,SOHZSUF12A6701D97D
TRGCHXM128F429CBB9,SOKDAHN12A8C13F938,ARH861H1187B9B799E,Johnny Cash,Life's Railway To Heaven,country,Parallels Of Infinite Torture,Angel,Monster,126.0,448.0,251.0,SOLRHXB12A8C1365CA,SOKNHPO12A8C1435F9,SOKGYPN12A8AE48486
TRSJGNV128F92F4124,SODVCJH12AF72A4A08,AR3ETJY1187B98ED15,Darius Rucker,If I Had Wings,country,fly,My Special Prayer,Why,285.0,129.0,178.0,SONZSAM12A8C141445,SOOYLAP12A58A7917C,SOMKBLI12AB0181374
TRHTOYT128F429FEF4,SOVZHIK12A8C1349BD,ARNNM56119B86686EA,Luke Bryan,Pray About Everything,country,Don't Worry (ReMastered),One Day Closer to You,Crazy 'Bout You Baby,188.0,263.0,309.0,SOPOXGG12A8C1406D7,SOXGNZC12A58A7CE2F,SOCKAFZ12A8C136B7C
TRCFFVR128F145D6DF,SOYPMDY12A6D4F77DE,AR95IYB1187FB3FE0B,Keith Urban,Your Everything,country,La Prima Volta (First Time Ever I Saw Your Face),Snow,Trapped,144.0,50.0,173.0,SOBSTGK12AF72A79B0,SOZPYVZ12A8C13790B,SOOPWXV12A8C138BB5
TRQSGEL128F4242DFC,SOAXCEO12CF5F873BF,ARHATLI1187FB52C76,Toby Keith,A Little Too Late,country,Too Late,Misled,Here I Am,180.0,260.0,259.0,SOCAOZL12A6D4F7785,SOOMPAW12A8C13E09F,SOQMFQX12AB0189E9A
TRAIMRN128E0791E72,SOAOYPN12CF52D3231,ARHATLI1187FB52C76,Toby Keith,Who's Your Daddy?,country,(You Can't Let The Boy Overpower) The Man In You,Piece Of My Heart,Chest Pain,299.0,530.0,482.0,SOSOYKI12AB01877F2,SODSQDU12A6D4F7D22,SOQWGSB12AB01820EB
TRRSVGD128F4242DDC,SORPIQY12A8C13632E,ARHATLI1187FB52C76,Toby Keith,A Woman's Touch,country,Empress,I Heard Love Is Blind,Stupid Marriage,372.0,165.0,310.0,SONYVCT12AB0185210,SOMSQXY12A6310D81E,SOQBKIY12AB01842CF
TRTXHKL128F4242DD9,SOROSTR12A8C136324,ARHATLI1187FB52C76,Toby Keith,Big Ol' Truck,country,One of these Days,Big Bill Blues,Shimmy_ Shimmy_ Ko-Ko-Bop (Single Version),210.0,220.0,165.0,SOCRYUI12AB017F9CD,SODSBYL12A8C13A869,SOWKTKB12A8159E8F7
TRADETN128F148CF19,SOEKKYB12A6D4F81D4,ARHATLI1187FB52C76,Toby Keith,Blue Bedroom,country,After You've Gone (live),My Phone,California Blue,227.0,396.0,172.0,SOAPJXE12A6D4F8747,SOGCDMQ12A58A7AB2E,SOVRUMX12D021B3E00
TRKKXKG128E0791E74,SOJRPQW12B0B808689,ARHATLI1187FB52C76,Toby Keith,It's All Good,country,Alright,Believe,She's A Star,404.0,371.0,574.0,SOVECCN12AF72AC5B7,SOKLVHU12A6D4F4778,SOHRWTQ12CF530D57F
TRSSUAV128F148D60F,SOLBJPX12A6D4F901D,ARHATLI1187FB52C76,Toby Keith,Sweet,country,Live Foul,9mm,LBC And The ING (Explicit),654.0,656.0,724.0,SOVPDIR12A8C133ACA,SOZLRMA12A6BD55D51,SOQPYJB12A6D4F9B43
TRFROET128F148CF1F,SOPBTRI12A6D4F81DA,ARHATLI1187FB52C76,Toby Keith,You Shouldn't Kiss Me Like This,country,One Kiss From Heaven,Not Leaving Without You (Album Version),The Way You Move,383.0,541.0,532.0,SOWLBUQ12A8C133BBF,SOITJML12A6D4F8508,SOWAACZ12A8C135AC1
TRFHVTT12903CF7CD9,SOBAAFP12D02198DCD,ARFR3E51187B9A0A85,Sara Evans,A Real Fine Place To Start,country,Waiting For The Day,Electric Barbarella (Radio Edit),You're So Fine,569.0,198.0,218.0,SOCREJX12A6D4F7A4B,SOITPXC12A6310E0DA,SOPHDCN12A6D4F7789
TRXZNNF12903CA6F9B,SOWEIIN12AB018066C,ARO4WQR1187B9B9825,Kenny Rogers,Endless love,country,My Heart Belongs To You,Share My World,I Still Love You,324.0,405.0,501.0,SOKJPGI12A8C136FB9,SOJUIXL12AF729FE1E,SOTGISK12D02193153
TRTSAUB128E07859FC,SOGBBSX12A6701E426,ARV9LSS1187B98C471,Blake Shelton,Love Gets In The Way (Album Version),country,Diddy Wah Diddy,Passin' Me By,TV,145.0,697.0,261.0,SOZZUWR12AB0189799,SOSTXYN12A6D4F67D4,SOOQHZB12A6701E9A5
TRFMGIO128F42591F0,SOBCKDM12D021B3D99,ARK4ZEK1187B990A4F,George Strait,I'd Like To Have That One Back,country,I Want My Girl,She Thinks,I Feel Sorry For Him,298.0,253.0,153.0,SODMEDH12A6D4F8B1E,SOWYNNV12AAF3B3327,SORVSGF12CF582896D
TRDYUVI128E078F725,SOEJDOV12D021B3BD5,ARK4ZEK1187B990A4F,George Strait,Marina Del Rey,country,She's In Love,The Royal Mile,The Curious Kind,330.0,254.0,242.0,SOBMPUY12A8C14357E,SOIPUDT12A6D4F6997,SOMIYJJ12AC468C5B3
TRPNLLB128F14956A5,SOPBLAJ12D02193A82,ARK4ZEK1187B990A4F,George Strait,Milk Cow Blues,country,Good Morning,The Way You Treated Me (You're Gonna Be Sorry),Johnson City,209.0,228.0,217.0,SONJCBD12A58A7AC74,SORWBPX12A58A7C19E,SOTFAXT12AAF3B48D7
TRTDHSB128F422B90F,SOWKMZU12A81C2165A,ARKZ13R1187FB54FEE,Josh Turner,Another Try,country,Amazed,Killing Smile,I Like It (Remix),163.0,175.0,481.0,SOFYYGP12AB0181062,SOEAIDW12A8AE47FE3,SOOEBXF12A58A78509
TREXZYC12903CA281A,SOLDPJZ12AB0186231,ARKZ13R1187FB54FEE,Josh Turner,As Fast As I Could,country,Square One (Album Version),Never Love You,Keepin' Up,232.0,498.0,318.0,SOYPBSP12A6D4F8EFC,SOGSWDT12A8C139835,SOOBOCO12A8C1314E7
TRDXSGX128F425F173,SOTSNDR12A8AE47599,ARF8HTQ1187B9AE693,Daft Punk,One More Time / Aerodynamic,electronic,Sweet Music,One More Time (Romanthony's Unplugged),So Much More,133.0,207.0,289.0,SOUGFFJ12AB0180985,SOAWSML12A6310F1B7,SOTERSY12A58A7FC56
TREAQSX128E07818CA,SOAWSML12A6310F1B7,ARF8HTQ1187B9AE693,Daft Punk,One More Time (Romanthony's Unplugged),electronic,One More Time / Aerodynamic,Baby Come Back,The Hurt,68.0,538.0,325.0,SOTSNDR12A8AE47599,SOUCZAI12A6701DF5D,SOVLGBC12A8C130EF9
TRBVPVV128F425F14F,SOOHYOB12CF5F87A28,ARF8HTQ1187B9AE693,Daft Punk,Touch It / Technologic,electronic,She Be The One,Tune Me Out,Black,352.0,113.0,141.0,SOWFIVV12A6701FFBF,SOXTXGY12A8C139D4A,SOCGUGO12A8C13111A
TRBROFT128F92F8769,SOYPPAZ12A8C143CD6,ARORMBJ1241B9CDB1A,Ke$ha,Boots &  Boys,electronic,Jonesy Boy,Joy,Infant Joy,165.0,352.0,48.0,SOHTFLN12AB0182BC0,SOCIXUM12AF72A31A4,SOOXERV12AB01862D5
TRIIWCU128F92F876A,SOQVJWF12A58A801EF,ARORMBJ1241B9CDB1A,Ke$ha,Animal,electronic,A Viable Commercial,Sleep Tight,The Monitor,143.0,169.0,339.0,SOOHBYH12A8C13AAA3,SOGRMTL12A6701D97E,SOFCLZB12A8C13E5DB
TRVDAHO128F92F231E,SOXUSKK12A8C144F94,AR0IVTL1187B9AD520,Katy Perry,Hot N Cold (Innerpartysystem Main),electronic,It's Only Your Life,Dudley,Time Is Money (Bastard),380.0,219.0,178.0,SOVCUXV12A58A807E5,SOMQIVI12A6D4F78A1,SOXFFVS12A8C145964
TRUGOGT128F92F29E9,SONPGGS12AB0183AD2,AR0WLH6119B8669027,Owl City,Captains and Cruise Ships,electronic,faraway voice,Spaceman,Weak Become Heroes,115.0,325.0,754.0,SORCOSA12A6D4F7C9F,SOFEFNM12A8C13A6AE,SONWWDY12A6D4F7FB1
TRNEITZ128F92F29EA,SOIFHDS12AB0183AD5,AR0WLH6119B8669027,Owl City,Designer Skyline,electronic,Sunny Road,Marrakech,Where The Girls Are,185.0,159.0,237.0,SOUNQKE12A8C13FE8A,SORFEYS12A6D4F7E20,SOKHXYG12A6D4F5E33
TRMIHFS128F92F2A01,SOLCHRP12AC468D757,AR0WLH6119B8669027,Owl City,Early Birdie,electronic,Adam Lives In Theory,Hair,2 Deep,538.0,718.0,473.0,SORCQJA12A8C131FB1,SOOENST12AC9E1344B,SOWUQEH12A6D4F68C2
TRDEVZQ128F931BAED,SOQLHST12AB0184A27,AR0WLH6119B8669027,Owl City,Meteor Shower,electronic,Don't Let It Get To You (Album Version),Banstead,Summer On The West Hill,247.0,98.0,140.0,SOOLZWS12A6701E23F,SOFFWGQ12AB017E360,SOGFBLZ12B0B809013
TRCXWLU128F92F2A0D,SOWHUXB12AB01816EE,AR0WLH6119B8669027,Owl City,This Is The Future,electronic,Crime,Tears,Modern Crusaders.,248.0,206.0,176.0,SOVDRAE12A58A7AF00,SOSCDOO12A8C1338B0,SOPMAQH12A6D4F7F36
TRVJTNA128F934D19D,SOKTUGM12AB0184005,ARRBF3M1187FB4D59F,30 Seconds To Mars,Kings and Queens (Innerpartysystem Remix Main),electronic,Starbound,Heaven's In Here (1999 Digital Remaster),Africa Unite,67.0,198.0,208.0,SOGHCOP12A6D4F66A0,SOFDLQS12A6D4F752B,SOBPURX12D021B0F0F
TRRBLPE128F9311B20,SOMSZSA12AB0182E3A,ARVKJGO12086C15075,LMFAO,Bounce,electronic,Strictly 4 My N.I.G.G.A.Z.,Rowdy Rowdy,The Worst,921.0,500.0,769.0,SOSKAYL12AB01884DE,SOKMCHV12D02194FF6,SOLMMHP12A6D4F814C
TRWQYOY128F425BD4C,SOODXDV12A8AE4807F,AR5K3CW1187FB45B46,Crystal Castles,Vanished,electronic,Dead Cities,Greensleeves,On Bedford and Grand,130.0,189.0,61.0,SOEAYWW12A58A79016,SOLNRDW12A6D4F79D7,SOKTEBX12A6D4F7934
TRLLRQA128F427C709,SOSKKKY12A8C13ED21,AR5K3CW1187FB45B46,Crystal Castles,Xxzxcuzx,electronic,Left For Dead,You're The Voice,Love Is (What I Say),219.0,206.0,128.0,SORKXSN12A58A78C8F,SOPCMRY12A8C13D7B6,SOJUJEP12A6D4F72CB
TRDFWPG128F148D4DF,SOIWRAH12A6D4F66C0,ARBEOHF1187B9B044D,Madonna,Die Another Day [Live],electronic,Just Another Day (Album Version),Woke up Dreaming,Life of Tha Party,115.0,124.0,458.0,SOCDZBA12A6D4F587B,SODXHKI12AF729F1F2,SOKCPVV12AB018699F
TRVWMWN128E0788952,SOMANNK12A6701F0A1,ARN5NHX1187FB4F755,The Smashing Pumpkins,Perfect (Nellee Hooper Instrumental),electronic,Pass The Dutchie,The Lover In Me,Lovers In Captivity,73.0,418.0,328.0,SOWRCXQ12AB0183DDB,SOSFYLJ12A8C142F86,SOZCIFV12A58A7A7C6
TRDHPGJ128F4289C44,SOESBMW12A8AE48210,AR8V1X71187B9B919B,Kylie Minogue,Love At First Sight (The Scumfrog's Beauty And The Beast Vocal Edit),electronic,You Are The Only One I Love,I Believe,Kiss,237.0,361.0,408.0,SOQAHLN12A8C13F853,SOMQYUW12AB018305F,SOQIBZY12AB018A208
TRFSQXF128F9311B25,SOCHMTD1288D3E7D9D,ARVKJGO12086C15075,LMFAO,I Am Not A Whore,electronic,Love Me Tender,Mr. Cool (Featuring Mario Winans) (Album Version),Rush,169.0,289.0,231.0,SOESNKS12AC468BDC0,SOHAMOP12A8C13C974,SODMGTM12A6D4F8DB6
TRXACXM12903CEC365,SOEFTYS129F06C1DEB,ARPD2KK1187B9B8B98,Cascada,Fever,electronic,Better Than Making Love,Call Me Up,Kiss me now,345.0,241.0,154.0,SOYNQLI12A6D4F3E08,SOHBIQL12AB017EDA9,SONCKGT12AB017DD6E
TRWWVGC12903CB5C50,SOBSJQH12AB01876C3,AR6LZB61187B9AF431,Depeche Mode,Freestate,electronic,Let Yourself Go,Phoenix From The Fire,Enjoy Yourself,170.0,245.0,318.0,SOSBPHK12D02190471,SOEFCUV12A8C133AB2,SOOLZTM12A58A7B918
TRYIJWH128F146948C,SOXZUAV12A6310F21A,AR6LZB61187B9AF431,Depeche Mode,Personal Jesus,electronic,Personal Jesus,-9-,Reach Out And Touch (Live @ Fillmore West),188.0,32.0,211.0,SOARTSG12AB017FB86,SOVTORV12A8C134EE9,SOXGQML12A6701F6DC
TRDIAZY12903CB6532,SOWUJPS12AB018ACA8,ARAXU5Z1187B98FECD,Gorillaz,Broken,electronic,I'm a Broken Heart,Broken Hearted,Forgiveness,299.0,223.0,384.0,SOJRZFZ12AF72AA931,SODGRIO12A8C145123,SOQUMVV12AB01853A1
TRTUJAL128F423E18D,SOGNWLL12AF72AAA61,ARAXU5Z1187B98FECD,Gorillaz,Kids With Guns (Quiet Village Remix),electronic,Kids With Guns (Jamie T's Turns To Monsters Mix),To Satellite,Push Me Away,524.0,177.0,384.0,SOCLYAC12AF72A99DD,SOQDRSH12A6D4FA475,SOOMKPZ12A6D4F3E53
TRBTXNE12903CB6528,SOCMRWF12AB018AC92,ARAXU5Z1187B98FECD,Gorillaz,Rhinestone Eyes,electronic,Dandelion Hill,99 Red Balloons,Soul Power,292.0,231.0,476.0,SOOSIDC12A8C13C493,SOAHVQH12A8C139F18,SOZPRNQ12AB017DE42
TRKQRSQ128F92D5134,SOTTAJB12A8C142C18,AR4L4WQ1187FB51996,The Prodigy,Invaders Must Die,electronic,Stavesail,Nipple To The Bottle,The Earth Dies Screaming,69.0,558.0,220.0,SOZWTQN12A8C13EFBE,SOTWFNH12A6D4F6F63,SOCTIIQ12A6D4F3FB0
TRBFVAA128F423C356,SOCWAFA12A8AE48A78,AR4L4WQ1187FB51996,The Prodigy,Wake Up Call (Album Version),electronic,From This Dream,Right Here Right Now,Therapy,180.0,466.0,245.0,SORTJFD12B34F1C6D0,SOMUUSY12A6D4FA286,SOVXJVN12AF729CE82
TRFSCLD12903CD213F,SOENGNL12AB018E1BD,AR4L4WQ1187FB51996,The Prodigy,We Gonna Rock,electronic,Stop The Rock,Rock Lobster (Live),Baby We've Got A Date (Rock It Baby),312.0,167.0,325.0,SOVYVRE12AB018A7CD,SOIVTNA12A8AE47E1D,SOKVEKX12CF530D5AF
TRZTQEP128E0792526,SOYMEOT12A6701DE9A,ARK9TRQ1187B99C095,Nine Inch Nails,The Great Collapse,electronic,W.O.M.A.N.,Ain't That Just Like A Woman,I'm A Woman,163.0,270.0,296.0,SOMPSXS12D021B12D7,SOKNFYH12A6701F649,SOAMKZP12A8C13E379
TRLTFVP128E0782B34,SOITPXC12A6310E0DA,AR9L6R11187B9AA3F2,Duran Duran,Electric Barbarella (Radio Edit),electronic,Time To Make You Mine,You're So Fine,A Real Fine Place To Start,319.0,218.0,233.0,SOFSUVU12A8C1395C9,SOPHDCN12A6D4F7789,SOBAAFP12D02198DCD
TRFVWXW128F931A0E9,SOPERLI129F0824AA5,ARAOQ5T1187FB435AB,Björk,Pluto,electronic,i like the sunrise,All The Bodies,Wait,90.0,86.0,143.0,SOXYSPG12A8C13AA8F,SOCIHEH12AB018133D,SOLCEOL12A8C1390A3
TRKQQMW128F92D54DF,SOMXUUY12A8C141D38,ARD063K11C8A422ED7,Empire Of The Sun,Delta Bay,electronic,Who Shot Sam,The Messiah Will Come Again,Shot In The Dark,194.0,125.0,245.0,SOKOORN12AB0183046,SOPDEIR12A6D4F7E6D,SOOFBSB12AB01862CE
TRFYMPB128F93100C0,SOXKRRQ12AB017C0F2,ARD063K11C8A422ED7,Empire Of The Sun,We Are The People (Shazam Remix),electronic,Even So,Believe,The End Of The World,242.0,371.0,179.0,SONDASY12A8C13EB6D,SOKLVHU12A6D4F4778,SOEOQYP12AC960DB80
TRBCSDW128F424D686,SOQWSGM12A6D4FC3C6,ARIRCA31187FB58E84,The Maine,You Left Me,electronic,Can't Get You Off My Mind,Outside World,Love Is Strange,446.0,142.0,174.0,SODZLLS12D021943EC,SOCVMBX12A8C143155,SOOTSBE12A6D4F737E
TRRXQJA128F1472A56,SOYPJMP12AF72A901D,ARWA8AH1187FB3FC84,Hot Chip,The Warning,electronic,"Pacifics (Sdtrk ""N.Y. Is Red Hot"")",Show Me The Money,Lullaby of the Moths,607.0,469.0,74.0,SOKYMPZ12A67ADE2D6,SOYBJUW12A8C142108,SOGVZPO12AB017F7D2
TRMDYBW128F14A17E8,SOODBDC12A8C13E4E9,ARTH03J1187FB3E00C,Enter Shikari,Keep It On Ice,electronic,His Name Is Mutty Ranks,My Funny Valentine,Fluffy Pup,324.0,113.0,352.0,SOHJUMC12A8C139BA8,SOBINJD12AB017C8C9,SOZCQFF12A8C135070
TRCNUNL128F93437CF,SOYQNWH12AB0180C07,ARTH03J1187FB3E00C,Enter Shikari,The Jester,electronic,Get Your Hands Up,10_000 Feet,Here I Go Again,509.0,194.0,193.0,SOOQREM12AF729C733,SOZQQRL12AB017AEC9,SOBPFAB12AB0187F5F
TRIPJIJ128F1453AE0,SORSPQO12A6D4F782F,AREACYD1187FB566DE,Enya,Lazy Days,electronic,One Happy Day,Take It Back,Something I Can Never Have,240.0,276.0,283.0,SOHQLFI12A67ADC828,SOIZSCS12A67021572,SOQQTFV12A6701C5F6
TRPLRVY128F1473EBE,SOTCEXG12A6D4F60FE,AREACYD1187FB566DE,Enya,Someone Said Goodbye,electronic,Never Did Say Goodbye,Treason,All We Ever Do Is Say Goodbye,280.0,127.0,224.0,SOUCHAB12A6D4F748E,SOGNAYR12AB017DF63,SOMSWGY12AB017F755
TRWPUDX128F148F907,SODFLBN12A6D4F923A,AREACYD1187FB566DE,Enya,The Magic Of The Night,electronic,Flying high,Angels on Earth,When I Needed an Angel,184.0,210.0,307.0,SOPJBRG12AB017CC77,SOPJRVN12A8C145A1E,SORNKEU12AB018B121
TRZQTSM128F9328120,SOZDITZ12A58A7B41A,AR91C8S1187B990901,Bruce Springsteen,Gave It A Name,folk,I Feel Sorry For Him,Bungee,Captain Anarchy,153.0,100.0,189.0,SORVSGF12CF582896D,SOFPAGL12A8C13EDEC,SOTIWWD12AB01843D2
TRNZCWJ128F427099F,SODXHZV12A8C1340B6,ARH861H1187B9B799E,Johnny Cash,The Vanishing Race,folk,Willie,Wabash Cannonball,Roll On (Eighteen Wheeler),145.0,276.0,406.0,SONQHBA12AB0185289,SOFWHMH12AB0181E06,SOMXVVN12AF72A7241
TRJQRAP128F9314B3F,SOMSWGY12AB017F755,ARZENOX1187B98A645,John Mayer,All We Ever Do Is Say Goodbye,folk,This Lull-a-bye (Album Version),Don't Say No More,Goodbye,147.0,142.0,246.0,SOACAGO12A8C13C888,SODPURY12A6D4FA03E,SOUQUAV12A8C13CBED
TRETJUU128F426402A,SOYHOTV12A8C132B9B,ARZENOX1187B98A645,John Mayer,Clarity,folk,Rubylove,Ooh La La,Throb,146.0,95.0,145.0,SOAARYW12AB01892B3,SOFOBMI12A8C1310C8,SOFLNXK12A6D4F99DC
TRNOUUF128F4280B8D,SOHREDT12A8C13862F,ARZENOX1187B98A645,John Mayer,Why Georgia,folk,Life It What It Is (Remastered LP Version),Hair,Grey (from Revelling Reckoning),223.0,718.0,242.0,SORFBGO12A8151E04D,SOOENST12AC9E1344B,SOSBNFQ12AB0185969
TREKVTY128E0784BA3,SOBHKVI12A6701F1C8,ARC8CQZ1187B98DECA,Jack Johnson,Mudfootball (For Moe Lerner),folk,Interlude 5,Find My Way Back To My Heart,New Song,1903.0,246.0,290.0,SOONCPO12AF72A1986,SOZYCGI12AB0189CA4,SOSNIZO12A81C21477
TRYNAAP128F427EF64,SOCJTTL12A8C14009F,AR7OA5G1187B98D3A0,Sufjan Stevens,Sister Winter,folk,I Wish You Love,Stone Cold Heart,Put Your Dreams Away,120.0,283.0,94.0,SOWTGSY12A6D4FA8D2,SONYKAZ12A8AE4579F,SOSMNYF12CF530D594
TRFMWVJ128E0791E70,SODZLMJ127D977E810,ARE0WH81187B9A7BA3,Rufus Wainwright,In A Graveyard,folk,Static Age,I'm Going On A Long Journey Never To Return,Weak Become Heroes,106.0,409.0,754.0,SOJDPYG12A6310E289,SOYIFDO12A8C13EB66,SONWWDY12A6D4F7FB1
TRLTTDC128E079380E,SOCTYHG12A679D7E2B,ARE0WH81187B9A7BA3,Rufus Wainwright,Baby,folk,Fall On My Knees,My Little Girl,Love Won't Let Me Wait,229.0,218.0,198.0,SOJSZPZ12A8C13D71B,SOXZUMI12A58A77D7F,SOXANJZ12A8C137903
TRUCWXA128F92E4944,SOYGQGR12AF72ABAB8,ARQEBGJ122E6447D2B,Edward Sharpe & The Magnetic Zeros,Janglin,folk,Daddy's Moonshine Still,Dead Weight Falls (Album Version),Likkle Africa,352.0,213.0,341.0,SOUZEOT12D021B3B83,SOWWXEP12A8C13B2A2,SOCQECF12AB0189E94
TRGQBAX128F426EFCA,SOERZLJ12A8C132D53,AR5FP401187FB523C9,Bob Dylan,Ballad In Plain D,folk,Mommy For A Day,Passin' Me By,Nothing Left to Mutilate,175.0,697.0,208.0,SOLVCLZ12A6D4FA377,SOSTXYN12A6D4F67D4,SOETTER12A8C13471A
TRGSDTP128F92F76D1,SOHMZEX12A8C132F5F,AR5FP401187FB523C9,Bob Dylan,One Of Us Must Know (Sooner Or Later),folk,The Skeleton Song,Interlude 5,Numbers,280.0,1903.0,411.0,SOKXYCI12A6D4FA0A8,SOONCPO12AF72A1986,SOEUYGW12AB0188531
TRMRMTN128F92D426F,SOIZDJI12A8C1435C7,ARSF0K11187B9AF319,James Taylor,It's Growing,folk,Stop Playin',Blues Prelude,Tin Pan Alley (aka Roughest Place In Town),331.0,249.0,180.0,SOMBNZR12A8C144861,SOAIEEJ12A8C1420CF,SOQXGVE12CF5F86D20
TRDFPTZ128F14B108C,SOJKUOG12A6D4FD11D,ARSF0K11187B9AF319,James Taylor,Oh_ Susannah (LP Version),folk,Love Henry,Down On My Knees,Needles And Pins (Remastered Album Version ),280.0,335.0,207.0,SOITUBS12A8C144333,SONGIBA12A8AE47D2F,SONWKJV12A81356263
TROZEMN128F4262CCA,SOHSTLE12A8C132425,ARSF0K11187B9AF319,James Taylor,Something In The Way She Moves,folk,Cherry Ball Blues,You're So Fine,By The Bed,214.0,218.0,226.0,SOEFSBB12A8C1370CB,SOPHDCN12A6D4F7789,SOUEVWF12A8C140FE3
TRGAZWQ12903CB0BA9,SOGJZZZ12AF72AA43B,ARYQES41187B9B960F,David Gray,Draw The Line,folk,Strike It Up,The Irony Of It All (Album Version),Adam Lives In Theory,344.0,640.0,538.0,SOTCCIB12A6D4FB78D,SOIAMAG12A6701DCFC,SORCQJA12A8C131FB1
TRSNACX128E078AA88,SOKYDGS12A6701E3CB,ARYQES41187B9B960F,David Gray,Sail Away,folk,Give Me Back My Wig,Never Go Away,Shining Star,148.0,319.0,221.0,SOTVKDF12A6D4FADFA,SOEKJZN12A67ADA57A,SOBAVAD12AF72A5622
TRXCQOC12903CB0BBA,SOEWUQY12AB0188156,ARYQES41187B9B960F,David Gray,Stella The Artist,folk,Winter Rose,Keep Your Hands Off Her,Prayer for Beauty,88.0,74.0,202.0,SOKWUAB12A8C1386FE,SOEVBYG12A8C1340A1,SOABAEK12A8C13E728
TRPGPVH128F429B2F0,SOGACYC12A8C13C528,ARZWK2R1187B98F09F,Rise Against,Swing Life Away (Acoustic),folk,Bourbon Borderline,Summer On The West Hill,Revenge,165.0,140.0,522.0,SOZIBTT12A58A7CE96,SOGFBLZ12B0B809013,SOQOIDA12AF72A1430
TRHLRGU128F42643FB,SORGTNE12D02193408,AR5FP401187FB523C9,Bob Dylan,Billy 4,folk,St. Louie,The Illest Brother,Something to remember you by,644.0,819.0,81.0,SOMTUPP12A6701FC38,SOBCPJM12AF72A4F1D,SOFEATS12AB01813BA
TRFCCKL128F426EE8E,SORACYK12D02193097,AR5FP401187FB523C9,Bob Dylan,Stuck Inside Of Mobile With The Memphis Blues Again,folk,The Winkle Man,Beale Street Mama,B-Boy Bouillabaisse: A.W.O.L. (2009 Digital Remaster),289.0,176.0,1746.0,SOOKVDG12A6D2281E1,SOBBCWQ12A8C130F91,SOELYON12AB01876A3
TRGOYOU128F93223F2,SOWILEH12CF5F8729B,AR5FP401187FB523C9,Bob Dylan,Pretty Peggy-O,folk,My Pretty Girl,Truly Dead,Dead Love,108.0,138.0,134.0,SORJSSF12A6D4F8A4B,SOMMSUS12A8C131179,SOEXTPL12A6310DF63
TROMGSH128F427A408,SOBADWZ12CF5F86CD7,AR5FP401187FB523C9,Bob Dylan,She Belongs To Me,folk,When A Woman Loves A Man,She's Everything,Beef Bologna,200.0,323.0,57.0,SOVTXKL12A8C13A27E,SORLZYF12A58A79D0C,SOCGAMH12A81C228DD
TRFBWEC128F42B8346,SOFDFBL12CF5F89018,AR5FP401187FB523C9,Bob Dylan,When The Deal Goes Down,folk,Strings,Framed Then Failed,Hold Me So Tight,489.0,200.0,191.0,SOVDWUN12AB0188590,SOJYFKQ12A6D4FDB28,SOIMEIT12A8C134F25
TRDVYVJ128F426F7C0,SOXYGEE12CF5F875CF,AR5FP401187FB523C9,Bob Dylan,With God On Our Side,folk,Into Battle,Kinky Sex Makes the World Go 'Round,Thanks For Nothing,271.0,491.0,139.0,SOLECZU12AB017DAAC,SODNKEP12A8C134E4C,SOSAJHT12AB0186AF8
TREKVGV128E0788976,SOSHHZB12A6701F0C5,ARN5NHX1187FB4F755,The Smashing Pumpkins,Terrapin,folk,We Are In Love,Embraceable you,Black Is The Color,253.0,97.0,123.0,SOIKZCP12A8C130073,SOBOKBX12D02191E53,SODHZEN12AC960DA00
TRUUBKE128F426F5C0,SONBFSZ12AF729E7A3,ARSF0K11187B9AF319,James Taylor,On The 4th of July,folk,Standing,Proud To Fall,Stavesail,319.0,254.0,69.0,SODECSA12AB0183964,SOZXIPX12A67ADAC00,SOZWTQN12A8C13EFBE
TRJZYIT128F426D5BE,SONYMBG12CF5826721,ARSF0K11187B9AF319,James Taylor,Company Man,folk,Chinese Arithmetic,The Strawberry Roan,It's Not OK [Live From London],225.0,498.0,384.0,SONNBCG12A81C20957,SOSSWMD12AB0184E2A,SOAJCWB12A8C13F7F8
TRYOIZM128F14567A0,SODRUMV12A6D4F7A58,ARTBSEF1187FB3CBDE,Jimmy Buffett,Ace,folk,Old Hippie,The Hourglass,El Lute,413.0,889.0,310.0,SOQMCNT12AB01852AE,SOIWGDT12AB018A591,SOGBCIL12A8C137779
TRQYFLB128E078941E,SOBRYFG12AF72A1BAE,ARGHBVV1187FB4D57A,Ryan Adams,How Do You Keep Love Alive,folk,Goodbye Young Tutor_ You've Now Outgrown Me,Southern Hospitality,Ain't No Woman (Like The One I've Got),150.0,347.0,355.0,SOKQASI12A58A7CD01,SOXJTYV12AB018331B,SOFZHCT12A6D4FA4F3
TRZUSDI128F4259806,SOXBQDJ12A6D4F93CC,ARGHBVV1187FB4D57A,Ryan Adams,When The Stars Go Blue,folk,Laughing At Life,In The Blue Of The Evening,Static Age,125.0,90.0,106.0,SONRZHN12A8C13663D,SOBTAZY12A8C13B377,SOJDPYG12A6310E289
TRWUFEW128F14782F3,SOBCLWO12A6D4F83AD,AR90WS41187FB3F064,Ray LaMontagne,Forever My Friend,folk,Call Me,Straight From The Heart,Make You Sweat (LP Version),274.0,354.0,402.0,SOUMTGW12A8C13AE05,SODPWFR12A6D4F7D1B,SOOLLHO12A67020EE8
TRPZXTD128F14856D4,SOFZRDV12A6D4FACB1,AR90WS41187FB3F064,Ray LaMontagne,How Come [Acoustic Mix],folk,Everybody Everybody,Begin Again,Demons Annoying Me,293.0,213.0,188.0,SOYSZFQ12A58A7C2DD,SOMINND12AAFF439E8,SOVDTZJ12AB017F9AC
TRIOKOC128F4267572,SOIOLFS12D021989DD,ARTQ8QP1187FB3D220,Leonard Cohen,Chelsea Hotel #2,folk,One Time We Lived,Come Get To This,Weekenders,338.0,256.0,246.0,SODURIG12AB0180D20,SOCGJGQ12AB018AA78,SOFSYNS12AB0181FA1
TREBQMO128F42828DB,SOOHIHR12AF72A7053,ARIDDOM1187B9A1360,We Are Scientists,Lethal Enforcer (Live From Union Chapel_ London),folk,Take Me,Don't Get Around Much Anymore,Revenge,446.0,130.0,522.0,SOZNYZV12A6D4F862A,SOKHAHZ12A8C138045,SOQOIDA12AF72A1430
TRIQKDQ128F146F504,SOVWOMM12A6D4F8484,ARCJKV91187FB46210,KT Tunstall,Change,folk,Hindsight,Angst In My Pants,So Alone,372.0,263.0,453.0,SOZJITS12A6D4F7775,SORORST12A8C144DFF,SOFFZDC12A8C136C50
TRBFURI128F1455498,SOLMCFH12A58A7FACE,ARCJKV91187FB46210,KT Tunstall,Under The Weather,folk,Where I Stand,Love 101,I've Got You Under My Skin,236.0,180.0,231.0,SOAMZHU12A670213BE,SOCEAZO12A58A7CF92,SOKJKPG12A8C144326
TRVLECJ128E078235B,SOSJLXU12A6310F2B2,AR0L04E1187B9AE90C,The Verve,So Sister,folk,Miss Ann,By The Time I Get To Phoenix,When She's Gone,241.0,128.0,205.0,SOCMDLQ12A8C1376BD,SOAETWT12A8C141E29,SOUOPUN12AB0181895
TRMLKKJ128E0798A59,SONNMHJ12A67AE098E,AR8886N1187B9B330A,Liz Phair,Lost Tonight,folk,Out of Character,Even Cowgirls Get The Blues,Disco,387.0,226.0,115.0,SOBANVU12AB01879A7,SOMCQVX12A8C134FCB,SOHGAWO12A6D4F8F9E
TRYBZQD12903CD1380,SONJLBP12AB018A66C,AR9UC071187B9B76FD,The Pogues,Sunnyside Of The Street,folk,On The Sunny Side Of The Street,Dead End Street,Fannin Street,144.0,459.0,233.0,SOFGYOY12A81C22D0D,SOSJXTY12A58A7B450,SOSJLXE12A58A75AD9
TRHYZQR128F428F5C5,SOAWESO12A8C13AC4E,ARRH63Y1187FB47783,Kanye West,Can't Tell Me Nothing,hip hop,I La La La Love You,Interlude 5,These Boots Are Made For Walkin',191.0,1903.0,381.0,SOJXPFY12A6D4F80F7,SOONCPO12AF72A1986,SOOMIBO12A8C142F94
TRPQDHV128E07845CB,SOWZAHB12AF72A4B46,ARRH63Y1187FB47783,Kanye West,Graduation Day,hip hop,Crossing the Boundary,I'm,Black Opera,664.0,487.0,729.0,SOJTWQJ12AF729CEF8,SOIUPEX12A6D4F8E02,SOWYWPP12A81C20850
TRHAGFQ128F428B8EA,SOLBUFV12A67020A39,ARRH63Y1187FB47783,Kanye West,Wake Up Mr. West,hip hop,Keep Your Shit The Hardest,Like Nothing Else,Honest Expression,915.0,237.0,933.0,SOOXHHT12AF72A3EAB,SOPPTJO12AB017F01F,SOUZUFC12A8C14222C
TRQXYGU128E079236A,SOIJTSI12A6701FD8B,ARTDQRC1187FB4EFD4,Black Eyed Peas,A8,hip hop,Man In The Mirror,Dla Niego,Blues For Suckers,1543.0,36.0,502.0,SOFHEBR12CF5F892C7,SOFHGOE12A8C139836,SOIFRQN12A81C220D7
TRBUESY128F92F81F6,SOVVVXC12AB017F162,ARTDQRC1187FB4EFD4,Black Eyed Peas,Boom Boom Guetta,hip hop,Steady Beat Convention,Pass The Mic (Pt. 2_ Skills To Pay The Bills) (2009 Digital Remaster),We Gonna Rock,91.0,560.0,312.0,SOFEZKG12A8C13A62E,SOPWGZI12AB018332B,SOENGNL12AB018E1BD
TRPDBLM128E0792367,SOZRPOY12A8C1455F5,ARTDQRC1187FB4EFD4,Black Eyed Peas,Communication,hip hop,Guitar Playin',I'm That Type Of Ni**a,All For One (Explicit) (2006 Remastered LP Version),605.0,907.0,931.0,SOSSWOB12A8C1384FA,SOIVWOX12CF5827585,SOMPSML12A6D4FADB0
TRLINLH128F9346400,SOROKRP12AF729F9B4,ARTDQRC1187FB4EFD4,Black Eyed Peas,One Tribe,hip hop,The Illest Brother,Yours (Live),Jerusalem,819.0,187.0,480.0,SOBCPJM12AF72A4F1D,SOSUUFB12AB017F629,SOPJZCC12A8C13FF7B
TREPPUG128F9301FAB,SOBRREA12A6701C403,ARTDQRC1187FB4EFD4,Black Eyed Peas,Sexy,hip hop,Naked,In The Kitchen,Let It Flow,516.0,398.0,347.0,SOLMEOG12A8C142046,SOJYYAN12A58A790B1,SOMYTNE12A6D4F9199
TRBBVNR128E078E1E4,SOCMYLF12A67020A4D,ARTDQRC1187FB4EFD4,Black Eyed Peas,Tell Your Momma Come,hip hop,Pass The Mic (Pt. 2_ Skills To Pay The Bills) (2009 Digital Remaster),Back In The Day (Explicit LP Version),Show Me The Money,560.0,549.0,469.0,SOPWGZI12AB018332B,SOQZJYN12A67020315,SOYBJUW12A8C142108
TRTJVGX128E078EB1C,SOUNVLC12A6701C406,ARTDQRC1187FB4EFD4,Black Eyed Peas,The Apl Song,hip hop,Flow On (Move Me No Mountain),Overdose (Album Version),Party For Your Right To Fight,646.0,1206.0,306.0,SOHYFRP12AF72A5859,SOLEAYZ12A8AE4793E,SONJIBN12A6D4F9720
TRDJOCY128F4294CD5,SOTHRKJ12A6701C2D8,ARRH63Y1187FB47783,Kanye West,Diamonds From Sierra Leone,hip hop,Flow On (Move Me No Mountain),Honest Expression,Bad Mutha,646.0,933.0,768.0,SOHYFRP12AF72A5859,SOUZUFC12A8C14222C,SOIRTUC12AB0182042
TREADOS128E078EC1F,SORAWSB12A6701FBC8,ARTH9041187FB43E1F,Eminem,If I Had,hip hop,I'm So Glad,Honest Expression,That's What It Is,247.0,933.0,623.0,SOFEZEP12AC468D10E,SOUZUFC12A8C14222C,SOZACUR12AB017FEAF
TRHPAVK128E078EC9C,SOKJZZN12A6701C77A,ARTH9041187FB43E1F,Eminem,Ken Kaniff,hip hop,Soopaman Luva 3,Faulty,Hair,756.0,360.0,718.0,SOQGHJU12A670203E4,SOVQDCR12A8C13BB65,SOOENST12AC9E1344B
TRGLNKG128F9307689,SOFVLYU12AB017F502,ARTH9041187FB43E1F,Eminem,My Darling,hip hop,The Illest Brother,Interlude 5,Rock It Like That,819.0,1903.0,518.0,SOBCPJM12AF72A4F1D,SOONCPO12AF72A1986,SOGNGEM12AB017D94D
TRCHZXW128E079288A,SOMEJDK12D0219BB71,ARTH9041187FB43E1F,Eminem,8 Mile,hip hop,Book Of Life,Flow On (Move Me No Mountain),Mainstream,569.0,646.0,863.0,SOLIKYJ12A8C13F7DA,SOHYFRP12AF72A5859,SOTGYAV12A8C139BF5
TRCDLUM128F9331CA9,SOOOJWM12A8C13AC0E,ARPDVPJ1187B9ADBE9,Usher,Love Was Here,hip hop,All Of Me,Baby Come Back,Billie Jean,181.0,538.0,370.0,SOLLPDP12CF5F87EC1,SOUCZAI12A6701DF5D,SOLATUE12A58A78846
TRPMNRL128F9302AD7,SOEVGOY12AB0181053,ARCGJ6U1187FB4D01F,Akon,Be With You,hip hop,Random I Am (Album Version),Revenge,Ain't No Way (You Won't Love Me),343.0,522.0,514.0,SOOBIDA12A8AE474EA,SOQOIDA12AF72A1430,SOJPTRM12A8C14003B
TRRIRMX128F92E6272,SOILRPD12A6701E38C,ARCGJ6U1187FB4D01F,Akon,Locked Up,hip hop,Room In My Head,Shanghaid,Blues For Suckers,134.0,198.0,502.0,SOZGJBC12AF72A3C56,SOEDRKT12A6D4F7FD5,SOIFRQN12A81C220D7
TRCEYQJ128E07862DE,SOAUEBB12A67020DC4,ARLGIX31187B9AE9A0,Jay-Z,So Ghetto,hip hop,Strictly 4 My N.I.G.G.A.Z.,Right Now,From What I Was Told,921.0,529.0,717.0,SOSKAYL12AB01884DE,SOSVLMC12A58A7E294,SOJKIAH12A8C138EC3
TRZGUNN128E07862F7,SOGFJJE12A58A80C35,ARLGIX31187B9AE9A0,Jay-Z,Heart Of The City (Ain't No Love),hip hop,Strictly 4 My N.I.G.G.A.Z.,Superstar (Double Murder = Double Platinum),Who Run It,921.0,599.0,855.0,SOSKAYL12AB01884DE,SOAYKMF12A8C13A58A,SODDVWG12A8C13F35B
TRTVTYS128E0792887,SORCZHK12A6701FFB0,ARTH9041187FB43E1F,Eminem,Rabbit Run,hip hop,She Ain't Afraid,Overdose (Album Version),Mainstream,1102.0,1206.0,863.0,SOWQRYJ12AB0189461,SOLEAYZ12A8AE4793E,SOTGYAV12A8C139BF5
TRBEBJO128C719646B,SORXHBR12AF72A5DA5,ARCBD0U1187FB466EF,Nelly,Splurge,hip hop,Around The Way [Explicit Album Version],Keep Your Shit The Hardest,Claimin' True,736.0,915.0,471.0,SOMPBDC12A6D4F9687,SOOXHHT12AF72A3EAB,SOGZIZN12A8C13836F
TRMWYIH128E078DCA6,SOMTUPP12A6701FC38,ARCBD0U1187FB466EF,Nelly,St. Louie,hip hop,Wrap Sumden,From What I Was Told,Just Another Day,468.0,717.0,596.0,SOTUHWK12A6310D7E5,SOJKIAH12A8C138EC3,SORVRGP12A6310FF58
TRHXTHR128F145E864,SOTUHWK12A6310D7E5,ARCBD0U1187FB466EF,Nelly,Wrap Sumden,hip hop,Contact Blitt,Trife Life,Pack The Pipe,380.0,877.0,694.0,SODERKP12A8C1360EC,SOBNZZI12A8C139954,SOIIBZR12A6D4F67DC
TRQRAKE128F9322866,SOJQLHA12AB017F7D4,ARLGIX31187B9AE9A0,Jay-Z,Soon You'll Understand,hip hop,Pack The Pipe,Interlude 5,The Illest Brother,694.0,1903.0,819.0,SOIIBZR12A6D4F67DC,SOONCPO12AF72A1986,SOBCPJM12AF72A4F1D
TRCDAUA128E0784644,SOAZMZB12A6701D958,ARLGIX31187B9AE9A0,Jay-Z,Encore,hip hop,Overdose (Album Version),Peace_ Prosperity & Paper,Pass The Mic (Pt. 2_ Skills To Pay The Bills) (2009 Digital Remaster),1206.0,517.0,560.0,SOLEAYZ12A8AE4793E,SOZOGEB12A8C13123A,SOPWGZI12AB018332B
TRBCPZS128F145ECC1,SOOKDOU12D0219A1C0,ARCBD0U1187FB466EF,Nelly,Say Now,hip hop,Universal Prayer,Oh Na Na Na,Take This City,446.0,56.0,287.0,SOIEOOR12A8C144460,SOZYNTT12A8C138164,SOFUKYO12A8C13C61D
TRWFVOW128E0793847,SOZDHYB12A679D7E52,ARZER7I1187FB385AF,Dr. Dre,Been There Done That,hip hop,The Illest Brother,Just Another Day,Marie Laveau,819.0,719.0,303.0,SOBCPJM12AF72A4F1D,SOCOTIV12A8C139CB2,SOSHDIY12AB0188522
TRWZWOX128F935A084,SOTYTWT12A58A7BBEE,AR9LJ9D1187FB4303D,Sean Kingston,Magical,hip hop,I Love You Babe,Waiting For The Day,I Still Love You,340.0,569.0,501.0,SOWJYSB12A8C131F92,SOCREJX12A6D4F7A4B,SOTGISK12D02193153
TRXGBGU128F935A092,SOGKYFP12AB0185ED3,AR9LJ9D1187FB4303D,Sean Kingston,Over,hip hop,Do It Again,I'm Gon' Change,Switch,296.0,596.0,538.0,SOASOKL12AB0185D12,SOQWCBD12A8C137B09,SOZWLHR12A8C13F211
TRFKPZK128F935A08D,SOJHMSM12AB0185233,AR9LJ9D1187FB4303D,Sean Kingston,Wrap U Around Me,hip hop,Jack U Off (LP Version),Never Letchu Go,House Rent Boogie,272.0,379.0,126.0,SOENAXE12A8C13C13A,SOMQTBN12A8C13A622,SOJRESH12A8C138246
TRWVTDX128F931ECEF,SOUOEMP12A8C13866E,ARDDMYP1187B9B8AE4,M.I.A.,Paper Planes,hip hop,Plumskinzz (Loose Hoe_ God & Cupid),Monkey Suit,Just Like Greta,833.0,57.0,230.0,SOIUWJT12AB0184B9F,SOHINVD12A8C13B74B,SOPHTMG12A6701E609
TRWTZGX128F149535F,SOQFNGB12A6D4FA61E,AR9RYZP1187FB36C6A,Thousand Foot Krutch,Set It Off,hip hop,Physical Stamina,B-Boy Bouillabaisse: A.W.O.L. (2009 Digital Remaster),Right Now,417.0,1746.0,529.0,SOFJSZH12A6D4F5ED3,SOELYON12AB01876A3,SOSVLMC12A58A7E294
TRCACEF128F42434D7,SOEFLLL12AF72A15EA,AR7NPRY1187B9ADE15,Ludacris,Ho,hip hop,Mambo Swing,Up On The House Top,Live On Mars,267.0,204.0,32.0,SOOTUPB12AB0187321,SOESZKG12AB0186E28,SOVXVKS12A8C13AB8B
TRCQNWN128F92EA07D,SOEARQO12AB017F7F0,ARVTAI41187B9B8B67,Wu-Tang Clan,The What,hip hop,Rowdy Rowdy,The Worst,Strictly 4 My N.I.G.G.A.Z.,500.0,769.0,921.0,SOKMCHV12D02194FF6,SOLMMHP12A6D4F814C,SOSKAYL12AB01884DE
TRYHHXT128F4276F89,SOKMCHV12D02194FF6,AR23C041187FB4D534,50 Cent,Rowdy Rowdy,hip hop,From What I Was Told,Real Muthaphuckkin' G's,I Don't Want To Talk About It,717.0,765.0,549.0,SOJKIAH12A8C138EC3,SOKUPXC12A81C232A6,SOLYAYO12A8C13C04D
TRIGDUK128E0784045,SOFXFJC12A6310E2F1,ARZ5H0P1187B98A1DD,Snoop Dogg,Bang Out,hip hop,1st Booty On Duty,Ho's A Housewife,Arrested (Insert) (Explicit),1052.0,799.0,225.0,SOJZEVI12A58A7648A,SOREKHT12AB0186F11,SOFLOGQ12A6D4F653E
TRNVKOI128E0799173,SOIYRHZ12A67AD8126,ARZ5H0P1187B98A1DD,Snoop Dogg,Snoopafella (Edited),hip hop,B-Boy Bouillabaisse: A.W.O.L. (2009 Digital Remaster),Soopaman Luva 3,Mortal City,1746.0,756.0,667.0,SOELYON12AB01876A3,SOQGHJU12A670203E4,SOIFEFO12AB017D3C3
TRLVRJP128F93519FB,SOOENST12AC9E1344B,ARZYMH91187B99CEFC,Atmosphere,Hair,hip hop,Caroline (Album Version),I Can Change,Interlude 5,251.0,570.0,1903.0,SOBKJLC12A6D4F83C4,SOZAXBV12A8AE48BEF,SOONCPO12AF72A1986
TRBZXAC12903CBB0CE,SOHAYPC12A6D4FB7A7,ARZYMH91187B99CEFC,Atmosphere,Happymess,hip hop,Interlude 5,The Right to Write Me Off,Birthday Card,1903.0,409.0,722.0,SOONCPO12AF72A1986,SOMKNSW12A58A7750C,SONBUCS12A81C20848
TRUNSXQ128E078B97D,SOALPQQ12A6701F302,ARN0YZ71187B9BA57B,Michael Bublé,Put Your Head On My Shoulder (Album Version),jazz,Love Struck,Can't Get Enough Of You,I Can't Stand It,321.0,223.0,187.0,SODLMGE12A6D4F8B22,SOLGENH12A8C13E6D6,SOYTUDS12A6D4F7804
TRFUJLG128F4255312,SOELKTY12A8C135CCC,ARN0YZ71187B9BA57B,Michael Bublé,Stuck In The Middle With You (Non-Album Track),jazz,When I Die,Stuck In The Middle,G Up,356.0,381.0,161.0,SODRCYU12A8C13A553,SOSNACR12A6D4FADE1,SOMYBOF12A8C139A8D
TRQPMHA128E078B979,SOSHDEL12A6701F300,ARN0YZ71187B9BA57B,Michael Bublé,You'll Never Find Another Love Like Mine (Album Version),jazz,Love Is Strange,Some Of Your Lovin',Lotta Lovin',174.0,273.0,227.0,SOOTSBE12A6D4F737E,SOHBAJS12A6D4F7FE4,SODRNQZ12A8C140D9C
TRZPSAF128F9349767,SOLOQYJ12AB0188A53,AR20CFC1187B98A25D,Ray Charles,Kiss me baby,jazz,Don't You Know,Sit Right Here,I'm Looking For A Woman,214.0,207.0,134.0,SOIFMOR12A8C13C0CD,SOWAVSL12A8C136C8C,SOVDTXK12A8C137135
TRAEPAC12903CE5DC8,SOELRRQ12AB0188C34,AR20CFC1187B98A25D,Ray Charles,Let's Go,jazz,Don't Let Me In,If You Really Love Me,Beat Again,254.0,233.0,401.0,SOOKQDK12AF729E6F9,SOOKKON12A6D4FA2D3,SOJGMRG12AB017F65F
TRMJMVW12903CD44F4,SOZKIGX12D021902C2,AR20CFC1187B98A25D,Ray Charles,Moon Over Miami,jazz,How High The Moon,Russian Lullaby,Paper Moon,174.0,188.0,134.0,SOCHOVE12AB018024D,SOCJWJP12D021989D1,SOFNZFQ12A8C13E749
TRBXTYM128F930793B,SOAAYTO12D021B0A4B,AREIN101187FB5A5FA,Nat King Cole,Hit That Jive Jack,jazz,Shake,Indian Dance,Big Fat Mama Blues,267.0,420.0,162.0,SOLLIJW12A58A7C677,SOUFKJQ12A58A77756,SOQYSLB12AC4688A9E
TRFORZM12903CDF88C,SODTNSX12D021979B9,AREIN101187FB5A5FA,Nat King Cole,The Christmas Song,jazz,The Christmas Song,The Colliers,Tell Me Something I Don't Know,101.0,202.0,505.0,SOBTVBX12A8C131C20,SOEEVZS12A58A7CDE8,SONLEKN12AC9618818
TREMJFY12903CF1630,SOMTUNZ12D021B236A,AREIN101187FB5A5FA,Nat King Cole,Too Young,jazz,It's You,To Be Young_ Gifted And Black (LP Version),My Finest Hour,242.0,144.0,297.0,SOLWRIV12A8C137BF0,SOTSVOO12A58A77626,SOPHCZO12A58A7A8A1
TRKBPHV128F92E3B2D,SOBHTSP12D021B0A27,AREIN101187FB5A5FA,Nat King Cole,Unforgettable,jazz,Just Because,The Very Thought Of You,You Give Good Love,160.0,179.0,390.0,SOHBRIE12AB018A782,SOLCRAY12A6D4F6095,SOLKWCR12D021B4177
TRHYGVQ12903D046A9,SOEPFCI12AC46877AA,AREIN101187FB5A5FA,Nat King Cole,Autumn Leaves,jazz,Stay Gold,Evening's Fall,All In My Head,110.0,142.0,224.0,SOIKZHB12A6701D801,SOLNGCK12A6D4F6657,SOQMJOY12A6D4FA358
TRWIGSY128F92FE6B6,SOHZWJK12AB017DCF8,AREIN101187FB5A5FA,Nat King Cole,Love Is A Many Splendored Thing,jazz,Lover,For You,Holding On To Love,68.0,195.0,259.0,SOVKXWX12A8C142D66,SOABFLW12D0219A135,SOMGZNC12A8C13BE5B
TRHEGPE128F9311A85,SOHHACX12AB0181443,AREIN101187FB5A5FA,Nat King Cole,Smoke Gets in Your Eyes,jazz,Smoke Gets In Your Eyes,Find My Way Back To My Heart,I've Gotta See You Smile,97.0,246.0,200.0,SOZWHCF12AF729B304,SOZYCGI12AB0189CA4,SOQSRFG12AC468A4C0
TRWZCIQ12903C97881,SOKLXSK12A58A7C3DA,AREIN101187FB5A5FA,Nat King Cole,If You Can't Smile And Say Yes,jazz,Cry Baby,G Up,Every Night About This Time,364.0,161.0,127.0,SOFDHQR12A8C1311D3,SOMYBOF12A8C139A8D,SOEMKGM12A8AE46C30
TREENNZ128F145B67D,SOALXFE12A6D4F78B0,AREIN101187FB5A5FA,Nat King Cole,She's Funny That Way,jazz,What You Do To Me,Your Eyes,Never Too Much,436.0,374.0,349.0,SOVNMOR12A8C142419,SOZYIJW12A8C13D298,SOSEWHU12A8AE484E5
TRVUYIL128F4275FAD,SOCKFLV12A8C133605,AREIN101187FB5A5FA,Nat King Cole,The Ruby And The Pearl (2003 Digital Remaster),jazz,Love Me Warm And Tender,Nighttime Birds,Summertime,173.0,42.0,229.0,SODZAAQ12A8AE47CCF,SOECURC12A67ADAB20,SOUSBMR12AF72A15F7
TRHOXSK128F145C9F9,SOLCRAY12A6D4F6095,AREIN101187FB5A5FA,Nat King Cole,The Very Thought Of You,jazz,A Moment Isn't Very Long,Meditation,Unforgettable,180.0,207.0,117.0,SOMOVAP12CF5F89359,SOKXDXX12A6D4F971C,SOBHTSP12D021B0A27
TRETXLU12903CD5688,SOIMSGC12D02198A5A,ARRL2QH1187B9AC814,Bing Crosby,Rudolph The Red-Nosed Reindeer,jazz,Rudolph The Red Nosed Reindeer,Reeperbahn,Red Beans & Rice,166.0,221.0,499.0,SOKLJDT12AB0189177,SOIPTAE12A6D4F7967,SOODNXY12A6310E2EE
TRORBTM128F93368FB,SOBEALQ12AB017EC86,ARBJ22B1187B9AD31C,Norah Jones,December,jazz,May It Be,I Wish You Love,Words of Tranquility,108.0,120.0,154.0,SOKQPSS12A8C136B9F,SOWTGSY12A6D4FA8D2,SOBTJLO12AB01899CE
TRFCNIJ128F423F32E,SOTBYQW12A6D4FE74B,ARBJ22B1187B9AD31C,Norah Jones,Don't Know Why (Live),jazz,Buzz Me,Phantom,Otha Fish,178.0,212.0,997.0,SOHUDYH12A6701F64B,SOSMJIB12AC468B82A,SOZTZRR12A58A80C97
TRYNZAL128F1464B5A,SOPHSDC12B0B8081BB,ARBJ22B1187B9AD31C,Norah Jones,Humble Me,jazz,Saturday Evening Blues,Old Smyrna Road,Don't You Know,184.0,177.0,214.0,SOAJPIP12AC4688248,SOPEOOD12AC9097E19,SOIFMOR12A8C13C0CD
TRNGOHS128E0781235,SOOVFTG12AF72A4B85,ARBJ22B1187B9AD31C,Norah Jones,I've Got To See You Again,jazz,Killing,Better Days,Down And Dirty,188.0,180.0,306.0,SOLGHCW12A6D4FA445,SORAYRE12AB01846B3,SOHZVBU12A6D4F7524
TRPPHPQ128F4258FFC,SOOEHBK12A8AE479F1,ARBJ22B1187B9AD31C,Norah Jones,Sinkin' Soon (iTunes Live Session),jazz,You're A Zombie,She's Gonna Break Soon (Radio Edit) (w/o Horns),Bar Fight,294.0,379.0,45.0,SOTGQLR12A8C13C7B4,SOESFRD12A67020489,SOCQFKW12AB01841B5
TRSSOKM128F1464B5C,SOQJPKL12A6D4F7D49,ARBJ22B1187B9AD31C,Norah Jones,The Long Way Home,jazz,Love Don't Love You (LP Version),You Sure Love To Ball,One More Day,399.0,348.0,81.0,SOUFGAS12A58A7CBE2,SOPWIUY12AB0182843,SOHXPUB12A6D4F89E5
TRKMCAV128E0782298,SOGMFQZ12A6310EF6C,ARBJ22B1187B9AD31C,Norah Jones,Those Sweet Words,jazz,Sweet Inspiration,Singing Softly To Me,The Chosen Ones,151.0,205.0,183.0,SOEOCJO12AB018203B,SOTTGHP12AF72AD04C,SOABCHK12A8C13572B
TRBQFLA128F423F329,SODUTPQ12A6D4FE737,ARBJ22B1187B9AD31C,Norah Jones,Wish I Could (Live),jazz,Passin' Me By,Mr Rock & Roll,Swimmer,697.0,319.0,136.0,SOSTXYN12A6D4F67D4,SOEPPKW12A8C1310DF,SOGRZHT12A8C13CE02
TRCLZPO128F427CD3A,SOMMQAC12CF5F86E67,ARBJ22B1187B9AD31C,Norah Jones,My Dear Country,jazz,Guilty,Silence,Let's Kiss and Make Up,169.0,282.0,228.0,SOHNMXF12A8C131DBC,SOCJBJD12A8AE479C7,SOVBUSA12D02191F09
TRWAPCT128F1494611,SONBELN12AB0184D8F,ARIFGKC1187B9B04D5,Dean Martin,I Love The Way You Say Goodnight,jazz,It's a Pity to Say Goodnight,Cousin Dupree,It's Never Too Late,172.0,306.0,168.0,SOQGHAA12A8C144504,SOIPSLZ12A8C140561,SOENOLI12A6D4F7040
TRNBZVW128F92EE688,SOANWBV12AB0184B24,ARIFGKC1187B9B04D5,Dean Martin,White Christmas,jazz,Sur Le Fil,Le Rêve Des Filles,Thérapie De Groupe,177.0,199.0,140.0,SOANUQC12A6D4F79CD,SOYDPTG12AB0185EE5,SOTSVWN12AB0185DA5
TRHZOEX128F93588AB,SOEXXLQ12A58A7A0CD,ARIFGKC1187B9B04D5,Dean Martin,Memories Are Made Of This,jazz,Back Then,Fell in Love Without You (Cd),I Can't Stand the Rain,407.0,188.0,174.0,SOKFMCV12A67AE0CBB,SOWMAZE12A58A79390,SOGZJZU12AF72A0D45
TREOPOB128F427CD42,SOBWFAI12D021B3991,ARBJ22B1187B9AD31C,Norah Jones,Little Room,jazz,Disgusted,The Hunter,Academy Fight Song,246.0,119.0,164.0,SOVBSIS12AB018608F,SOHZCFB12A8C13E063,SOUHBNB12B0B809347
TRELLQK128F147AD94,SOPTTXR12A58A782BB,ARO7DTP1187B9A1D2B,The Puppini Sisters,Bei Mir Bist Du Schön,jazz,Elefanter,Lieber einen paffen,Es geht mir gut,125.0,146.0,160.0,SOTNZIR12A8C143CA4,SOGQNZK12AB0184E50,SORBBZK12A6D4FADEE
TRMOHUN128F424DEE6,SOCIAUG12A8C130F7F,ARO7DTP1187B9A1D2B,The Puppini Sisters,Don't Sit Under The Apple Tree,jazz,(You Were Made) Especially For Me,Anyone Who Knows What Love Is (Will Understand),In Love In Vain,242.0,139.0,85.0,SOPGSCU12D0219384E,SONUKMU12A6D4F92D5,SOBPBAV12A8C13837D
TRSPEPD128F147AD9A,SOCFSHN12A6D4F73B2,ARO7DTP1187B9A1D2B,The Puppini Sisters,Falling In Love Again,jazz,Falling In Love Again,Never Gonna Fall,Taking A Chance On Love,275.0,413.0,164.0,SOLTDSC12AB01811B7,SOHKVHV12A8C13A937,SOCKBJS12A8C13110A
TRAQUUU128F147A689,SOEYNMS12A6D4F7BC8,ARO7DTP1187B9A1D2B,The Puppini Sisters,Heebie Jeebies,jazz,I Wanna Dance With You,Shall We Dance,Dance Me,371.0,91.0,97.0,SOWLOEP12AC960DB6D,SORKCKM12AF72A39C9,SOGBSEU12B0B80BCC3
TREIANS128F147AD97,SOLJYMK12A6D4F73B0,ARO7DTP1187B9A1D2B,The Puppini Sisters,I Will Survive,jazz,She Thinks,Forever Ain't That Long Anymore,The Illest Brother,253.0,173.0,819.0,SOWYNNV12AAF3B3327,SOQAGLL12AB0182FF9,SOBCPJM12AF72A4F1D
TRPWTNZ128F147AD9F,SOOTOZG12A6D4F73B5,ARO7DTP1187B9A1D2B,The Puppini Sisters,In The Mood,jazz,The Cobbler,Who Is He? (And What Is He To You?),Skid row Joe,78.0,200.0,365.0,SODZGYL12A8C136614,SOLPXGF12D02190755,SONPHFD12AB018A6F4
TRNDNKN12903CC8A4C,SOQIBZY12AB018A208,ARIFGKC1187B9B04D5,Dean Martin,Kiss,jazz,La Prima Volta (First Time Ever I Saw Your Face),Kickin' It With Your Girlfriend,Electric Lady,144.0,642.0,371.0,SOBSTGK12AF72A79B0,SORLWRB12D02199388,SOCTCEF12A6D4F729F
TRJALGV12903D0447E,SOOCHTW12AC468DF40,ARIFGKC1187B9B04D5,Dean Martin,Let Me Go Lover,jazz,Clone Your Lover,The Climbing Rose,My Only Lover,207.0,168.0,171.0,SOOXYGA12AB0180A59,SOTURQA12AB0185CB9,SOXAMPN12A8C136DFD
TRPQFJA128F145AC60,SOLLBAY12AF72A5F48,ARIFGKC1187B9B04D5,Dean Martin,On An Evening In Roma (Sott'er Celo De Roma),jazz,Canto La Vita,Libero liberi libera,Una Canzone Arresa,51.0,121.0,68.0,SOHUHPV12A8C138D9C,SOQCBGL12AB01857FA,SOMBFQQ12A6701F26A
TRHBSKB128E07924CB,SOOEYBB12D021B0EAA,ARDCFNZ1187FB3DDB0,Enrique Iglesias,No Puedo Mas Sin Ti (I'm Your Man),latin,Y Aqui Estoy,Amame,Te Extrano,137.0,86.0,339.0,SOWEBAM12AB01809EF,SOPJMUU12A6D4F860A,SOLMOIY12A6D4F5FD1
TRBSLQC128F9333C5D,SOIOBWT12A8C14075B,AR6PJ8R1187FB5AD70,Shakira,En Tus Pupilas,latin,Quisiera,Desire,Celos,147.0,224.0,216.0,SOJWGGR12AB0180261,SOPPXFS12AF729F10E,SOYRKAG12A8C13D7A0
TRGJXTC128F4278ECC,SONTHAL12A8C135908,AR6PJ8R1187FB5AD70,Shakira,Que Me Quedes Tu,latin,No Paseis Por Alto A Los Genios,Pregon Para Iluminarse,Después De Ti,409.0,111.0,199.0,SODBVZT12AC4688904,SOQOUZD12A8C135E15,SOYFBYG12AB0182C3B
TRQEQHH12903CA6CE5,SODBAHE12A8C132D34,AR6PJ8R1187FB5AD70,Shakira,Sombra De Ti,latin,No Te Vayas,Quien No Ha Dicho Una Mentira,Tu Pa Mi,119.0,140.0,168.0,SOQUNMV12A6701F291,SOZNZJS12A8C13C2F6,SONXYLK12A6D4FA637
TRXMTST12903CCD9E1,SOPVLJP12A8C1358F4,AR6PJ8R1187FB5AD70,Shakira,Te Dejo Madrid,latin,Amor Mio No Te Vayas,Suavemente,Quiero,300.0,182.0,216.0,SOLNPSC12AB017B9C6,SOPYNFP12AB01876AC,SOXAMTJ12A58A7CD18
TRAQEOP12903CA65E2,SONPFMD12AB017C1B3,AR6PJ8R1187FB5AD70,Shakira,Tú,latin,19 De Noviembre,Sin Conocerte,Amame,177.0,304.0,86.0,SOIRNOF12A58A7D623,SOSUTTK12A8C140440,SOPJMUU12A6D4F860A
TRSRORJ128E0791C74,SOMBFMU12A670214E6,ARDCFNZ1187FB3DDB0,Enrique Iglesias,La Chica De Ayer,latin,Eres,Magia De Amor,Lágrimas De Miel,291.0,128.0,125.0,SOJOBCM12AB017F347,SOIZDTA12A6D4F6BF0,SOEVGMI12A8AE488AA
TRYDDZE128F92F3B79,SOFBLLI12A58A7D19C,ARDCFNZ1187FB3DDB0,Enrique Iglesias,Adicto,latin,Giros,Como La Primera Vez,Obsesion (English Remix_ Album Version),79.0,218.0,318.0,SOIDMSX12A8C13AE9E,SORZAKM12AB01817B4,SOHISDA12A6D4FAC4A
TREGBAS128F145EC8B,SOERVFF12A6D4F790F,ARDCFNZ1187FB3DDB0,Enrique Iglesias,Al Despertar,latin,Es Por Ti,La Coqueta,Te Necesito,291.0,292.0,197.0,SOAPDHT12A8C13D219,SOHOFFI12AF729D16A,SOVJQJJ12A8C1448E7
TRXQFEE128F145EC9A,SOJXCPV12A6D4F791D,ARDCFNZ1187FB3DDB0,Enrique Iglesias,Alguien Como Tú,latin,Como Yo,Desde mi cielo,Virgen De Riña,252.0,255.0,113.0,SODULJV12A67ADC9C6,SOKNFFM12A81C216F3,SOTFGTY12AB01818F9
TRZGBAF128F145ECA8,SOFAZCL12A58A79B38,ARDCFNZ1187FB3DDB0,Enrique Iglesias,Inalcanzable,latin,Una Flor En El Desierto,Cosas Imposibles,Adicto,251.0,74.0,209.0,SORLGGD12A67AD9129,SOLYSUF12A8C138D41,SOFBLLI12A58A7D19C
TRUQGGJ128F427E02B,SOOHKUS12A8C13AB12,ARDCFNZ1187FB3DDB0,Enrique Iglesias,Lloro Por Ti,latin,De Oro,Amor de Tele,Mujer Calavera,211.0,149.0,176.0,SOGSEQJ12AF72A7253,SORCGUJ12AB017DBA5,SOHQIPH12A8C136127
TRDEKRZ128E0791C7A,SOCPKAV12A670214EC,ARDCFNZ1187FB3DDB0,Enrique Iglesias,Mamacita,latin,El ectoplasta,Buena Vista Social Club,Vuelve Conmigo,191.0,364.0,85.0,SOXMTJO12AB0183607,SOMJPQG12A6D4FBFEA,SOUAMDH12AB0185573
TRFFSMS128F428BC88,SOEMVNF12A8C13C53A,ARDCFNZ1187FB3DDB0,Enrique Iglesias,Miss You,latin,I Miss You,Miss Ann,Freedom Feels Like Lonely,293.0,241.0,147.0,SOLXQHT12A8C13BE14,SOCMDLQ12A8C1376BD,SOUSISF12AB017E401
TRUPWID128F4215874,SOPTXAZ12AF729F789,ARDCFNZ1187FB3DDB0,Enrique Iglesias,Para De Jugar,latin,Al Despertar,Te Quiero Porque Te Quiero,La Media Vuelta,152.0,191.0,104.0,SOERVFF12A6D4F790F,SOCRGOZ12A8C141174,SOPLGUC12A58A7F4E3
TRIIBVP128E0792750,SOWFIVV12A6701FFBF,ARDCFNZ1187FB3DDB0,Enrique Iglesias,She Be The One,latin,She's A Runner (24-Bit Digitally Remastered 02),Touch It / Technologic,Not Your Baby,240.0,687.0,402.0,SOSTFFD12A8C13780C,SOOHYOB12CF5F87A28,SONZTKX12A6D4FB006
TRQMXBD128F145ECA2,SONBQQE12A6D4F7922,ARDCFNZ1187FB3DDB0,Enrique Iglesias,Trapecista,latin,Tu Vacio,Guacamaya,Amarte Es Todo,234.0,84.0,140.0,SOMRUDM12A6D4F7911,SOUWGAD12A8C139401,SOSZXRC12CF5F89242
TREGRRQ128F145EC8D,SOMRUDM12A6D4F7911,ARDCFNZ1187FB3DDB0,Enrique Iglesias,Tu Vacio,latin,Llega La Noche,Desde Que No Estas,Trapecista,211.0,360.0,182.0,SOMIYEJ12A8A9D6B61,SOKVPCR12AB017D810,SONBQQE12A6D4F7922
TRLILBA128F42158A3,SOPPWVJ12A6D4F7915,ARDCFNZ1187FB3DDB0,Enrique Iglesias,Volveré,latin,Obsesion (English Remix_ Album Version),Tu Pa Mi,Lloré Lloré,318.0,168.0,365.0,SOHISDA12A6D4FAC4A,SONXYLK12A6D4FA637,SOLJOIC12A8C145316
TRBFJPO128F4295BE3,SOZOEJC12CF5CFAD99,AR6PJ8R1187FB5AD70,Shakira,Estoy Aquí,latin,Rosas,Sampa,splash shine,224.0,140.0,106.0,SOSBMOC12AB0183672,SOLZMEP12A58A77F59,SODIVZG12A58A7B95E
TRCLERB12903CBBC8D,SODKNST12D02193AD7,ARB054P1187B9AD32E,Santana,Life Is Anew,latin,Because Of You,Because Of Love,New Favorite,137.0,354.0,84.0,SOZQCGI12A6D4F8DFA,SOIVWJH12A6D4F99E2,SOVXEMW12AB017ED69
TRNXCMJ128F4295BC6,SOCYFSR12AB018C4AF,AR6PJ8R1187FB5AD70,Shakira,Donde Estas Corazon,latin,El 28,Mediterraneo,19 De Noviembre,120.0,186.0,177.0,SOVXATE12A8C142551,SOBSQNN12A8C138A0B,SOIRNOF12A58A7D623
TRNXJGR128F93044E7,SOUGMXP12AB017C76C,AR6PJ8R1187FB5AD70,Shakira,Octavo Día,latin,Agua De Mayo,Como Un Haz De Luna,Cantando,194.0,181.0,671.0,SOTFISL12A58A79FA3,SOTNSDQ12AB0182C27,SOAEBYL12AC468B119
TRJHDIB128F92E5849,SOVJQJJ12A8C1448E7,AR6PJ8R1187FB5AD70,Shakira,Te Necesito,latin,Es Por Ti,El 28,Mediterraneo,291.0,120.0,186.0,SOAPDHT12A8C13D219,SOVXATE12A8C142551,SOBSQNN12A8C138A0B
TRYQVKS128F4259A11,SOXVXZS12AF72ABF9F,ARB054P1187B9AD32E,Santana,Evil Ways,latin,Can't Find My Way Home,If You Really Love Me,If You Change Your Mind,139.0,233.0,197.0,SOHCNXP12AB017D97B,SOOKKON12A6D4FA2D3,SOROJQK12A8C138FF5
TRSOTQI128E0789132,SOURGXB12A6701F9E5,ARJW1SP1187FB4CA51,Pink Martini,Anna (el negro zumbon),latin,La Estación,Ven,Exilio,94.0,130.0,114.0,SOVWVPM12A8C13BDC6,SORYVXN12AB0186258,SODSQNU12AB018911A
TRZHOUV128F9316269,SOIYPYO12AB017C8BE,ARJW1SP1187FB4CA51,Chavela Vargas,Piensa en mi,latin,Después De Ti,No Voy A Cambiar,Que Voy A hacer Sin Tí,199.0,274.0,297.0,SOYFBYG12AB0182C3B,SOMQKSF12A8C13FA85,SOMVWGK12A6D4FE90E
TRPXMGA128F42A98BA,SOGHCII12D021B3225,ARB054P1187B9AD32E,Santana,Esperando,latin,Gulere Gulere,He Chocado Con La Vida,El Diablo,181.0,31.0,242.0,SOISYEP12A8C1427ED,SOETBKR12A58A7D93F,SOLTJJX12AB017FF5D
TRBYMWR128F425DD8E,SOMNTDT12A8AE47628,AR65K7A1187FB4DAA4,Beyoncé,Beautiful Liar (Bello Embustero),latin,Cantando,Buenaventura Y Caney,Cruz De Navajas,671.0,165.0,180.0,SOAEBYL12AC468B119,SOJTASV12A8C13AFBA,SORTUNZ12A8C140996
TRPAZDJ128F42881A1,SOGAFMO12D02199AD2,ARYN2M61187B995BD6,Juanes,Rosario Tijeras,latin,En Algún Rincón,Se Duerme,Me Voy,197.0,124.0,231.0,SORVFBF12A8AE488AE,SOPIUPG12A6D4FB478,SOLVCLH12A58A7A269
TRHZGZO128F9341C4A,SOAUETF12D02199708,ARLUF1T1187FB3603B,Ricardo Arjona,Animal Nocturno,latin,Rio De La Plata,Santiago de Chile,Cuando,256.0,126.0,181.0,SOHWNSS12A8C13BCF2,SOIFYRU12AB01842C2,SOYGSYT12A6D4F8485
TRDFNLR12903CB0FE4,SOFDJSB12AB0183B5B,ARGN0KR1187B991A99,Camila,Alejate De Mi,latin,Enamorado,Enséñame A Olvidar,Virgen De Riña,74.0,370.0,113.0,SOCREBZ12AB017CA05,SOUPCLX12AB01875BF,SOTFGTY12AB01818F9
TROBWIG12903CB0FD7,SODWRNB12AB0183B3B,ARGN0KR1187B991A99,Camila,Entre Tus Alas,latin,Lloro Por Ti,Llanto Lloro,Pensar En Ti,229.0,283.0,128.0,SOOHKUS12A8C13AB12,SOFQTCI12A8C13FA8A,SODXLDP12A8C13B9AE
TRDWUTF12903CA9249,SODRAIV12A8C1430AB,ARGN0KR1187B991A99,Camila,Me Basto,latin,Despedida,Pierdo El Tiempo,No Me Acostumbro,148.0,98.0,279.0,SOZWYES12AC3DF9C48,SONAVUN12A8C13AAAB,SOLKQOB12AB018272A
TRCRNBS128F9347F55,SOTOLCQ12AF729AC84,ARGN0KR1187B991A99,Camila,Va Para Ti,latin,Manto Estelar,Te Quiero Porque Te Quiero,La Novia Del Sol (La Canción de Evaluna),186.0,191.0,183.0,SOHNJYW12AB017FA58,SOCRGOZ12A8C141174,SOQPLSG12A81C22C0C
TRDYKYQ12903CAD2B8,SOCDZHG12A58A81315,AR81DGA1187B9A0A43,Reik,Fui,latin,Enamorado,Que Me Quedes Tu,Por Ti Seré (You Raise Me Up),124.0,190.0,144.0,SOZCDAT12AF72A5467,SONTHAL12A8C135908,SOMMTTC12A8C13FB33
TRAYQRI12903CAD2A1,SOFPPPB12AB018BB18,AR81DGA1187B9A0A43,Reik,Ilusionado,latin,Llévatelo Todo (Album Version),Enzo,Todos Quieren A Raymond,218.0,227.0,577.0,SOMGBQL12A6D4F8EFC,SOQLGXS12A6D4F8883,SOZBGQD12A8C13A6E8
TRGFMTT12903CAD2A2,SOIKGCB12AF72A11C6,AR81DGA1187B9A0A43,Reik,Piel De Ciudad,latin,Tu Y Yo,El ectoplasta,Hazme Sentir,369.0,191.0,250.0,SONWNHF12A8C1401FD,SOXMTJO12AB0183607,SOBKRQP12A8C13F7D8
TRJXNZL128F92E54EE,SOQUZCC12A8C140463,AR81DGA1187B9A0A43,Reik,Quedate,latin,No Voy A Cambiar,Se Te Olvido,Vuelve Conmigo,274.0,258.0,85.0,SOMQKSF12A8C13FA85,SOHGHUW12A8C143D85,SOUAMDH12AB0185573
TRDOVAF128F93112F7,SOLRFDT12AB0183B0D,ARU3BQ91187FB5A3D6,Animal Collective,Brother Sport,latin,Far Beyond The Sun,Freestate,Door To My Heart,151.0,136.0,96.0,SOLVNFS12A6D4FA3C0,SOBSJQH12AB01876C3,SOXUYLC12AB018E1DF
TRVPMSA128F9331D03,SOJQZHG12AB0185EAB,ART5MUE1187B98C961,Metallica,The Prince,metal,I Wish You Could Smile,Autumn,Marry the Devil,62.0,66.0,267.0,SOVCTNM12AB0185553,SOTUGQG12AB01862D2,SOYGDVU12A8AE4847F
TRPCZPE12903CAF5BD,SOAVPPJ12A8C13EFBC,ARC9CR51187FB51A13,Avenged Sevenfold,Second Heartbeat,metal,Towards Loss,Can't Take This (Album Version),A Day In The Life Of A Fool,296.0,243.0,184.0,SOXGJUM12A58A816BA,SORGRQU12A8AE48E71,SOQHZJL12A58A7DE4D
TRNUDHG12903CAF56B,SOLFXQT12A8C13E06C,ARC9CR51187FB51A13,Avenged Sevenfold,To End The Rapture,metal,Ev'ry Time We Say Goodbye,It Came Upon A Midnight Clear (Album Version),Apocalyptic Destroyer of Angels,121.0,144.0,71.0,SOARVYQ12A8C136AE1,SOWOPHG12A8C13DB44,SOCKMWD12A8C13FA5D
TRJAABI12903CF759F,SOKACRK12AC90759DA,ARJ94571187B98C352,blessthefall,Witness,metal,Breathe Again,Breathe Without You,Say You're Sorry,447.0,150.0,228.0,SOPZSQG12A8C145726,SOVMWBZ12A8C13F641,SOQLWZF12A8C132AAB
TRREMAP128F42983BD,SOWEDJU12D02198FF6,ARU6HMT1187FB38801,HIM,Heartache Every Moment,metal,Lost In This Moment,When You Say You Love Me (Album Version),Hirudineans,313.0,271.0,196.0,SOBOLPJ12A8C14403E,SOTQRPK12A67020473,SOOOZOZ12AB0188F59
TRFRDZW128F429C337,SOAVNID12A8C13B197,ARU6HMT1187FB38801,HIM,Sigillum Diaboli,metal,Explode,We Are In Love,Black Magic Woman,153.0,253.0,189.0,SOAPLMT12A58A7CE6C,SOIKZCP12A8C130073,SOIZCFT12A8C143F35
TRHVUCJ128F934B68C,SOPDMDM12A8C132ABD,ARWMY7E1187B9B7049,As I Lay Dying,Refined By Your Embrace,metal,Lay Back In The Arms Of Someone,A Man Without Love,Hunter killer,267.0,257.0,238.0,SOEAYHH12A6D4F6373,SOMMEMK12A6701BF30,SOKDXMC12A8C1445CD
TRIBZVH128F934B68D,SOWJVZY12A8C132AC2,ARWMY7E1187B9B7049,As I Lay Dying,The Innocence Spilled,metal,Pain,Grace Unhearing,This Ain't A Love Song,371.0,210.0,399.0,SOJOBMX12A8C141260,SOGOAVW12A81C22D0A,SOFZXTF12AB018D64B
TRZOLOQ128F428FA00,SOHEPVU12A8C13A03D,ARMGBBW1187FB4A7A0,August Burns Red,An American Dream,metal,Simple Favor,Torches and Tragedies,Moths,125.0,185.0,184.0,SONDMQY12A8AE471EB,SOAVFQC12A6D4FCAE5,SOPKWQR12A6D4FCE17
TRFQWAQ128F14B084D,SOLXNXB12A6D4FBCDA,ARPFK3E1187B9A43BF,Underoath,The Changing Of Times,metal,Someone Said Goodbye,Don't Say Goodbye,Wherever You're Goin' (It's Alright),234.0,381.0,289.0,SOTCEXG12A6D4F60FE,SOKFCFL12A67020A05,SOVDJKC12AF72AADB0
TRLKWJA128F92E154E,SOFDWFR12A58A77D46,ARLHB6B1187B9B1B14,Haste The Day,Autumn,metal,Auf das Leben,Dschungelpartei,ROSENROT,154.0,255.0,183.0,SOOKISG12A58A7DD94,SOVCVON12A81C234BB,SODADBO12AB0186903
TRNQSWR128EF34375F,SOWHMAY12A67ADD2E3,ARLHB6B1187B9B1B14,Haste The Day,Chorus Of Angels,metal,It Came Upon A Midnight Clear (Album Version),Lullaby,From This Dream,144.0,292.0,180.0,SOWOPHG12A8C13DB44,SOAYVBE12A58A7BF08,SORTJFD12B34F1C6D0
TRGQLSE128F93257D8,SOUZNST12A58A7EF1D,ARQETJY1187FB3FE74,Demon Hunter,Follow The Wolves,metal,17,Abandoned,Extirpation,299.0,242.0,111.0,SONACBR12AF729D8D4,SOUXYDI12AB0184512,SOZOJYV12AC468D2F6
TRCAWAA128F93257D1,SOCLOSW12AB0187E07,ARQETJY1187FB3FE74,Demon Hunter,I Am You,metal,No Sympathy (for The Devil),Rise,Sentenced to Burn,112.0,370.0,234.0,SOVRJZN12AB0180DEA,SOWFFAB12AB01805A1,SOOAVFU12AB0187C2E
TRWPRIF128EF34B8F8,SOXZKPU12AF72AAB3B,ARQETJY1187FB3FE74,Demon Hunter,The Science Of Lies,metal,Phoenix From The Fire,Freestate,Incarnadine,245.0,136.0,357.0,SOEFCUV12A8C133AB2,SOBSJQH12AB01876C3,SOZTVJS12AB018493D
TRKLLYD128F4273FF4,SOHRFIP12A8C12FFD1,AR8DTVF1187B9AA292,Ozzy Osbourne,Slow Down,metal,Towards Loss,Saturday Come Slow,Swimmer,296.0,86.0,136.0,SOXGJUM12A58A816BA,SOISVPQ12AB0184D33,SOGRZHT12A8C13CE02
TRQJQNX128F4266704,SOEVNLW12A8C13401E,AR8DTVF1187B9AA292,Ozzy Osbourne,Steal Away (The Night),metal,That Ain't A Crime,Snowflakes Of Love,Remember Me,158.0,178.0,186.0,SOQFJCD12A6D4F7F50,SOENLCN12A8C131B1E,SOOUWSW12A8C140009
TRYIKZR128E0783C64,SOBEOHW12AF72A5BFC,AR98JLC1187B9ADE23,Megadeth,Black Curtains (2004 Digital Remaster),metal,Black Is The Color,Bags,C.b.f.,123.0,131.0,174.0,SODHZEN12AC960DA00,SOFXFVR12A6D4F792C,SOZNHOP12A67ADB12D
TRIOZOZ128F92FA0C2,SOVOXQN12A3F1EC5FA,AR98JLC1187B9ADE23,Megadeth,Die Dead Enough,metal,Never Enough,Lightspan,Hymn,203.0,34.0,52.0,SOGASNS12AF72A5AEF,SODSJPM12AB017B07F,SOBRDAF12A6D4F9081
TRUHHWN128F93045BA,SOKAEJQ12AB0181294,ARVSQHB1187B992FF0,Drowning Pool,Bodies,metal,Naked,Have To Explode,Switch,516.0,137.0,538.0,SOLMEOG12A8C142046,SOTWZMD12A58A767D3,SOZWLHR12A8C13F211
TRJHNLI128F934B2CA,SONCWXR12D021B1283,AR5Z3L01187B99C5A9,Cannibal Corpse,Rotting Head,metal,Mummified in Barbed Wire,The Sanity Assassin,Bourbon,182.0,189.0,286.0,SOIYBAN12AB0183553,SOBUYOW12A58A7B4FF,SOFEEHI12A8AE4884F
TRQGFHN128F428643E,SOVKLCX12A8C13860D,AR0KBXO1187B996460,Slipknot,Gehenna,metal,Brotha,GO,Me And My Desire,263.0,192.0,184.0,SONYFZL12AB018468A,SONGPQL12A8AE45DE5,SODGIKA12AB0189D13
TRHCDHI128F92C4B9B,SOOHRVS12AF729C881,AR0KBXO1187B996460,Slipknot,[sic] [Explicit],metal,She Ain't Afraid,Rabbit Run,I'm Sick,1102.0,674.0,97.0,SOWQRYJ12AB0189461,SORCZHK12A6701FFB0,SOAVHTM12AB017BC68
TRVHKNP128F429DDCE,SOENNBZ12A58A7B5A7,ARK9TRQ1187B99C095,Nine Inch Nails,Gunshots by Computer,metal,Tranny Chaser,Twizala,Here I Am,394.0,524.0,232.0,SOCAMNI12A58A7AD9B,SOLCSXJ12A6D4F854B,SOVXWMI12A8C13B667
TREFLCZ128F4236589,SOJKLWM12A81C23BBC,ARDQ9AP1187B9BA3F6,Killswitch Engage,Hope Is... (Album Version),metal,No More Runnin,Lost In This Moment,Rise Up,281.0,313.0,561.0,SOGRYFE12AB01840EE,SOBOLPJ12A8C14403E,SOZEFCO12D02193313
TRQFRJG128F4260199,SOVJLIF12A8C137957,ARHXK5N1187B98F942,Opeth,The Moor,metal,Cambridge (Album Version),Standing,Turn Away,151.0,319.0,155.0,SOEFPNV12A8C13A346,SODECSA12AB0183964,SOZCUTM12A8C13D95F
TRMFSTL128F427B6C1,SOIXQXH12A8C135FC8,ARMOHN71187FB3959F,Atreyu,This Flesh A Tomb (Instrumental Version),metal,Baby Be Mine,Little Girl,Dream,377.0,234.0,255.0,SOTLPVB12CF5CFD7F3,SOVSGRO12A8C138859,SOAAZWW12A8AE460E9
TRALERK12903CDCAFD,SOZABYO12A8C143546,ARWMFZH11C8A4219E0,For Today,A Higher Standard,metal,One of Us,Migration,Automatic Man (Album Version),996.0,107.0,159.0,SOKTWCO12A67020DC0,SOGBZGM12A3F1E9B2F,SOSTMID12A8C13A27B
TRDIJKP12903CDCAF4,SOATHYW12A8C143527,ARWMFZH11C8A4219E0,For Today,Redemption,metal,Domination,God Is My Friend,Call the Ships to Port,241.0,182.0,254.0,SOBCLSR12A58A7D1CC,SOKYPQH12D021919BA,SOGGJQG12AB0180A49
TRZQYIJ128F92E7F49,SOYPYRU12AB017F852,ARVJR1N1187FB4144A,Lamb Of God,We Die Alone (Bonus Track),metal,5 Years Of Silence,Rise Against,-9-,135.0,230.0,32.0,SOFGAJJ12AB0186CEB,SOWSLGU12AB018BF04,SOVTORV12A8C134EE9
TRMYVVL128F92E865E,SODLQJO12A8C139576,ARWIA8D1187B990A0C,STRATOVARIUS,Elements,metal,Heal The Waters,Utterance,Infant Joy,226.0,164.0,48.0,SOPJTYU12AB017C352,SODLLYI12A6310D827,SOOXERV12AB01862D5
TRIKFKO128F426A6FC,SORDWWC12A8C13AA28,ARWIA8D1187B990A0C,STRATOVARIUS,Know The Difference,metal,Don't Get Around Much Anymore,He Loves Me (Lyzel In E Flat),You're Not Supposed To,130.0,184.0,111.0,SOKHAHZ12A8C138045,SOYZWQN12AB018785F,SOJDOSA12A67AD86C0
TRJAFPP128F426AB25,SOXHFBO12A8C13132A,AR9C8IE1187B9ACC99,System of a Down,Peephole,metal,Bleed For Me,Stuck In The Middle,Web In Front,298.0,381.0,226.0,SOGYPSN12A8C142286,SOSNACR12A6D4FADE1,SOIABIT12A8C1406A4
TRYMCCD128F421CD27,SOPTZIL12A6D4FD7AC,ARR057Y1187B9A16E7,Children Of Bodom,Hellhounds on My Trail,metal,All About U,Gotta Go,Interlude 5,575.0,318.0,1903.0,SOJEHCU12A8C135F07,SOHBGBM12AB01866A9,SOONCPO12AF72A1986
TRVIFKS128F426813A,SOKVYHH12A81C22CC4,ARR057Y1187B9A16E7,Children Of Bodom,No Commands,metal,It Doesn't Matter Anymore,Take Me,One Word,330.0,446.0,639.0,SOFBUAM12A6310D844,SOZNYZV12A6D4F862A,SORPLDX12A8C13F28D
TRLHJMW128F1493BA1,SOZUQLN12A5891F885,AR4KS8C1187FB4CF3D,Tori Amos,Mother (2006 Remastered Alternate Mix),metal,The Light & The Glass,All That Jazz,Plaza,435.0,254.0,141.0,SOABMLY12AF72A86B1,SONOYWK12A58A77D6B,SOCGGJI12AB017FC30
TRZGXNM128F1451ADF,SOGGUIK12A6D4F5F5B,ARHTAPO1187FB5AADE,Iron Maiden,Lord Of The Flies (Live In Dortmund),metal,Soul Possessed,May It Be,Oh Jerusalem,98.0,108.0,692.0,SOIQMXH12AF72A288F,SOKQPSS12A8C136B9F,SOQSJVX12AF72A431B
TROGUOT128F147F39A,SOPFDRI12A6D4F83F4,ARHTAPO1187FB5AADE,Iron Maiden,Phantom Of The Opera (Live) (1998 Digital Remaster),metal,Don't Look Back,Slam,Slam Harder,275.0,739.0,739.0,SOVCJPR12AB017FE3C,SORJMYG12A6D4F83D6,SOTDQSQ12A8C13F7BA
TRJYSJS128EF356B75,SOTFXJB12A58A7692B,ARQATWU1187B98EE26,Ill Niño,Re-Birth,metal,Into The Sun,Undefeated,Burn,140.0,129.0,315.0,SOXMCWD12A6D4FB7F8,SOBTREM12AB0184091,SOCKPDE12A8C142F18
TRSUANW128F930BD52,SOHWQLM12AB017E46B,ARDZQ7Z1187B99711A,Kamelot,This Pain,metal,Witness To A Murder (Part 2),Blessed 2 Have,Pain in My Heart,74.0,427.0,147.0,SOPHHSQ12A58A7D9FC,SOMQXGE12A6D4F7776,SOODEFF12AB018AFA2
TRRIRCF128F426A606,SOFRVOH12A8C132F50,ARXPPEY1187FB51DF4,Michael Jackson,You Are Not Alone,pop,Stay Another Day,So Far,From Here To Eternity,290.0,388.0,96.0,SORWPYR12A6310E889,SONCAAU12A8C1317AB,SODIHNM12A6D4F5F3F
TREUPHA128F4278F34,SOTLPVB12CF5CFD7F3,ARXPPEY1187FB51DF4,Michael Jackson,Baby Be Mine,pop,Be My Girl,Anytime,Give Me Time,214.0,384.0,184.0,SOPZZAV12A58A7A3A5,SOVODWN12D02199268,SOLNEQH12A58A79B65
TRQAWKR128F425EEC3,SOFHEBR12CF5F892C7,ARXPPEY1187FB51DF4,Michael Jackson,Man In The Mirror,pop,Universal Prayer,A8,Blues For Suckers,446.0,752.0,502.0,SOIEOOR12A8C144460,SOIJTSI12A6701FD8B,SOIFRQN12A81C220D7
TRCYAYD128F92F3758,SODIHGW12CF5F88001,ARXPPEY1187FB51DF4,Michael Jackson,Why You Wanna Trip On Me,pop,Everytime We Live Together We Die A Bit More,Give Me What I Want (LP Version),Ain't No Stopping Us Now,83.0,406.0,547.0,SOLPINA12A58A7DD9A,SOJKGFW12A58A80A76,SOALJTA12A8C13C288
TRGJXNX128F92F8757,SOEURRQ12D02194749,ARORMBJ1241B9CDB1A,Ke$ha,TiK ToK,pop,Ringa Ding Ding,It's A Party,Let's All Get Drunk,134.0,832.0,623.0,SOGOTRJ12A6D4FC286,SOWVWEG12AF72A37C7,SOZAKPS12A6D4F7B06
TRNQDAJ128F92F4AE0,SOQDMKM12A58A7A9B2,ARF5M7Q1187FB501E8,Maroon 5,Nothing Lasts Forever,pop,I Love You Babe,The Hurt,I'd Hate To Be You When People Find Out What This Song Is About (Album),340.0,325.0,296.0,SOWJYSB12A8C131F92,SOVLGBC12A8C130EF9,SOAQLWB12A8C13BA9D
TRHKYKI128E07921BC,SOPOYAC12D021B2BE2,ARDCFNZ1187FB3DDB0,Enrique Iglesias,Roamer,pop,Let Me Out,I Still Feel,B-Boy Bouillabaisse: A.W.O.L. (2009 Digital Remaster),292.0,248.0,1746.0,SOFRTNR12A58A7DAF4,SOTBPRC12A8C13D8A9,SOELYON12AB01876A3
TRTJYFF128F9340CA9,SOYXNXN12A8C131F3D,ARML3X41187FB35F2E,Jason Mraz,Live High (Album Version),pop,Easy,Penelope Tree,Easy Living,185.0,139.0,172.0,SOBXZEI12A8C13AD47,SOCRSYP12AB018D602,SOCYTJV12AF72A0CB1
TRMBGMX128F92FD769,SOREOCT12AB0184E18,ARKSZW81187B9B695D,Mariah Carey,Did I Do That?,pop,So Not Over You,Freedom,What's On Your Mind,420.0,546.0,723.0,SOFBXEQ12AB01852D9,SONKHVG12AF72A82E8,SOBQHTA12A6D4F882C
TRWMZQL128F9306DCB,SOQWWOQ12AAF3B22EA,ARKSZW81187B9B695D,Mariah Carey,I'll Be There,pop,I'll Be There,Worlds Keep Spinning,You'll Be In My Heart,291.0,189.0,339.0,SOVGFWB12A8C134A17,SOQOFDK12A8C13783E,SONVPTP12A6D4F7A34
TRRIZDV128F92C1F17,SOBQRXD12A8C13FB26,ARBAW9R1187B98FB6B,Natasha Bedingfield,I Think They're Thinking - Interlude,pop,Your Guts (I Hate 'em) (Live),Hate,Better Life,150.0,404.0,162.0,SOIKWLB12A6D4F8BBE,SOFLXEX12AF7299CD3,SOMOWRX12A58A7973A
TREXAZN128F425A825,SOUPUNL12A8AE48502,ARBAW9R1187B98FB6B,Natasha Bedingfield,Silent Movie,pop,Phoenix From The Fire,Enjoy Yourself,Freestate,245.0,318.0,136.0,SOEFCUV12A8C133AB2,SOOLZTM12A58A7B918,SOBSJQH12AB01876C3
TRFYGMB128F425A7A2,SOXDIRH12A8AE45FD5,ARBAW9R1187B98FB6B,Natasha Bedingfield,Stumble,pop,More Than This,What's Not Being Said,More Than Words,131.0,483.0,271.0,SORGJGA12A6D4FD9C4,SOYLFJY12A8C14056E,SOMIAJE12A8AE47661
TRSRDVR128F92E6CF4,SOIXPFM12AF72A3189,ARDCFNZ1187FB3DDB0,Enrique Iglesias,Heroe,pop,Little Girl,Tuesday,Billie Jean,234.0,84.0,370.0,SOVSGRO12A8C138859,SOCYTZX12A58A795CC,SOLATUE12A58A78846
TRNHATG128F428BC8A,SOVSGRO12A8C138859,ARDCFNZ1187FB3DDB0,Enrique Iglesias,Little Girl,pop,Heroe,Tuesday,One Kiss From Heaven,243.0,84.0,383.0,SOIXPFM12AF72A3189,SOCYTZX12A58A795CC,SOWLBUQ12A8C133BBF
TREMCSO128F4215877,SOSVMLR12A6D4F7921,ARDCFNZ1187FB3DDB0,Enrique Iglesias,Ruleta Rusa,pop,Obsesion (English Remix_ Album Version),Mi Corazoncito,Me Lo Estas Poniendo Dificil,318.0,289.0,234.0,SOHISDA12A6D4FAC4A,SOHSSTN12AB0182D81,SOVHCUA12A6BD506F1
TRMMVPU128F145EC99,SOTTMRS12A6D4F791C,ARDCFNZ1187FB3DDB0,Enrique Iglesias,Contigo,pop,Mediterraneo,Sueños,19 De Noviembre,186.0,243.0,177.0,SOBSQNN12A8C138A0B,SOJMMTQ12A8C1384C4,SOIRNOF12A58A7D623
TRFKPYW128F92F21C5,SOJHZAT12D02198B73,AR6PJ8R1187FB5AD70,Shakira,Años Luz,pop,La Coqueta,Mirta_ De Regreso,Hazme Sentir,292.0,190.0,250.0,SOHOFFI12AF729D16A,SOTRDPJ12A8C13AEC2,SOBKRQP12A8C13F7D8
TRCUKHR128F92DF656,SOCWCZN12A8C14388F,ARQ32IT1187FB589D3,Sara Bareilles,Love Song,pop,I Will Write My Book,Calls The Tune,Vacation,159.0,200.0,219.0,SOLGBFL12A6D4FBE22,SOOFCNY12A6701E0C8,SOHGNQF12A8C139803
TRDLWAP128F428F6B9,SORXKZB12AF72A1F72,AR0S7TA1187FB4D024,Christina Aguilera,Candyman,pop,Plumskinzz (Loose Hoe_ God & Cupid),Computer Love,Such A Night,833.0,418.0,452.0,SOIUWJT12AB0184B9F,SOYAEZW12A58A819A8,SOJWBMI12AB0187250
TRPEWXU12903CE6EA2,SONLEKN12AC9618818,ARVOZXD12454A4CC66,Selena Gomez & The Scene,Tell Me Something I Don't Know,pop,Miracle Mile,Kiss And Tell,Stutter,348.0,351.0,278.0,SOOANLV12A8C139E46,SOUAPIV12A8C132B47,SOPQFTR12A6D4F74B5
TRAYJOF128F92F9EEA,SOAYXCJ12AB0183822,ARJGIOD1187B9AE920,Kelly Clarkson,Cry,pop,Lentil (Live),Bump What Your Friends Say,Happymess,316.0,324.0,526.0,SOPFXXX12A6D4F8710,SOUXXLG12A8C13EB34,SOHAYPC12A6D4FB7A7
TRARKBB128F92E9468,SORUPLB12A8C14211F,ARFWL8S1187B9B4B44,Céline Dion,Zora sourit,pop,3ème Sexe,Laquelle Des Deux Est La Plus Snob,Le Commerce De L'eau,176.0,144.0,130.0,SOFEGLX12A8C134172,SOCBMSI12A8AE49124,SOMLXML12A6D4F868D
TRFBXJZ128F92D25C0,SOZGQFY12A8C140D8B,ARUFTTR1187FB3A4B0,Newsboys,Dance,pop,Hold You,Heroes Of Our Land,Mercy,475.0,201.0,287.0,SOLVXIM12AB018C117,SOGOXAX12AB018A5D4,SOMXMXT12A8C13C66B
TRICXDK128F92CBC3C,SOXWHWP12A8C1440F8,ARFWL8S1187B9B4B44,Céline Dion,Partout Je Vois,pop,L'Homme De La Situation,Assassine,Titanic,240.0,97.0,139.0,SOOENSR12A8C144088,SOASMWD12A8C1363D8,SOIHQFB12A6D4FAF45
TRZNHJN128F4293FC2,SOVODWN12D02199268,ARJGIOD1187B9AE920,Kelly Clarkson,Anytime,pop,Dreamworld,What You Do To Me,Alguien Real (Baby_ I'm In Love),320.0,436.0,482.0,SOIRVCZ12A58A7BDF8,SOVNMOR12A8C142419,SONYXNK12A6D4F9CF2
TRPKKZG128F92E495A,SOODGZY12A8C141F44,ARQEBGJ122E6447D2B,Edward Sharpe & The Magnetic Zeros,Simplest Love,pop,Green Light Girl,Leaving Green Sleeves,Sing A Song,118.0,187.0,248.0,SOXSIOH12A8C13C68D,SOHDOPI12A8C135023,SOCCXHT12A8C14214D
TRVPPSC128F92EC9C2,SORRVTP12A8C13FFAF,ARQ2I6K1187FB59949,Colbie Caillat,Midnight Bottle,pop,Drive Me To Drink,Tonight The Bottle Let Me Down,Emergency House Party,209.0,136.0,181.0,SOZMXOC12A6D4F884B,SOKOJUC12A6D4F6F6C,SOOKGFA12AB017FE9D
TRCJADX128F428D3E0,SOKPSGM12A8C1381DE,AR03BDP1187FB5B324,Britney Spears,Let Me Be,pop,Ain't No Way,Bump In The Road,Ain't No Way (You Won't Love Me),273.0,334.0,514.0,SOSTZGR12A679AE5AE,SOKWBNH12AC468940B,SOJPTRM12A8C14003B
TRKJKJV128F425E247,SOEMDUJ12A8AE460E2,ARW9FP41187B98C2A7,Annie Lennox,Big Sky,pop,Alice,La Prima Volta (First Time Ever I Saw Your Face),Incarnadine,88.0,144.0,357.0,SOGLHXB12A58A7BA4A,SOBSTGK12AF72A79B0,SOZTVJS12AB018493D
TRXMQNH128F4287D61,SOSHPHO12A58A7D1F5,AR30R5E1187B9AD78A,Whitney Houston,Thinking About You,pop,Out On The Western Plain,London Boys,Borderline,152.0,111.0,248.0,SOVCWIU12A8C13B8B1,SOBTJXA12A8C1434BF,SOWIUZN12AF72A8206
TRXXPYK128F14805B7,SOYLXQZ12A6D4F99CA,AR9W3X91187FB3994C,Phil Collins,A Groovy Kind Of Love (Live),pop,What Kind Of Love,Some Kind Of Friend,Love Affair,259.0,301.0,266.0,SOJXTDP12A8C1369CF,SOJDDMA12A8C13B3B3,SOFGKDT12A8C1399DD
TRGQFUZ128F92ED646,SORBUNE12AB017CDD2,AR65K7A1187FB4DAA4,Beyoncé,That's Why You're Beautiful,pop,The Pugilist,Cavatina,Big Swing Face,184.0,111.0,190.0,SOOLIXE12A8AE46C61,SOLBOLW12A8C14579E,SOYWWPT12A8C138F9F
TRPAJJF128F428D18A,SOIHYXH12D0219A26C,AR30R5E1187B9AD78A,Whitney Houston,Step By Step,pop,Stone County,Little Bit [CSS Remix],It's Your Thing,206.0,409.0,369.0,SOMCRZO12A8C136BCE,SOOCQXW12A6D4F7898,SOIWBBM12A58A79DA0
TRLPDIB128F42289CC,SOOVOWN12A8AE46AA6,AR03BDP1187FB5B324,Britney Spears,Piece Of Me (Main Version),pop,Missing Piece,The Angry Cry Of The Angry Pie,This Is Me (Acoustic Full Version),175.0,264.0,333.0,SONKIIJ12A6D4FBE67,SONKMYE12AAFF424E3,SOCGOLU12AB017FDF4
TRJTTMZ128F930924B,SOLDVYF12AB017D892,AR03BDP1187FB5B324,Britney Spears,Can't Make You Love Me,pop,System,It's All Up To You,Politically Correct,282.0,337.0,318.0,SOYZPYW12A6D4F80AC,SOKWXBV12A6D4F89A8,SOPRDYE12A8C1377EB
TRKGGHK128F42999EF,SOQBVLW12A8C13B29C,AR03BDP1187FB5B324,Britney Spears,Girl In The Mirror,pop,Someone i care about,Damage,253,265.0,505.0,433.0,SONUQUO12AC3DFA446,SOOPTMD12A8AE46BFE,SOUJRVK12AB0186875
TRLTYLK128F92FE6FF,SOWVIEO12AB0182D10,AR03BDP1187FB5B324,Britney Spears,Radar,pop,So What'Cha Want (Butt Naked Version) (Explicit) (2009 Digital Remaster),I Don't Wanna Lose Your Love,Move (If You Wanna),536.0,564.0,629.0,SODDPWA12A58A7D263,SOJCHKR12AB018023B,SOCXCJU12AB0186CF6
TRNEGIP128F4296261,SOGQSNV12A8C139B54,AR03BDP1187FB5B324,Britney Spears,When Your Eyes Say It,pop,Whispers,Tell Me,Love Don't Love You (LP Version),160.0,211.0,399.0,SOZSKCD12A6D4F71E1,SOTUKHG12A81C227B4,SOUFGAS12A58A7CBE2
TRUWOUE128F14867BF,SOAEEWF12A6D4FAD71,AR6LZB61187B9AF431,Depeche Mode,Precious (Live In Milan),pop,NoOne,Broken Buildings,If Trust Is Broken...,345.0,138.0,108.0,SOAQFBM12A8C132BE2,SOUUAHI12A67AD822A,SOJAKGK12A8C13A5A0
TRFJKWU12903CC37B1,SOLXVSH12AB018BE14,AR5K3CW1187FB45B46,Crystal Castles,Insectica,punk,Displaced,Disrepair,There Must Be More,90.0,222.0,186.0,SOFGCFD12AB018B695,SOFDEGP12A58A7CFD9,SOBQPSU12AB0185A0A
TRVEUUV128F428AB29,SOEFPNV12A8C13A346,ARACDPV1187FB58DF4,Motion City Soundtrack,Cambridge (Album Version),punk,The Moor,Daybreaker (Roots Manuva Remix),Relating To A Psychopath,247.0,177.0,386.0,SOVJLIF12A8C137957,SOKWJIM12A6310F9C0,SOTEVHU12A8C13133C
TRMZJSE12903D00E60,SOZGAOO12AB017EBA2,ARACDPV1187FB58DF4,Motion City Soundtrack,Disappear,punk,Swallows Me Whole,Destination Unknown,My Heart Belongs To You,291.0,248.0,324.0,SOGEPEU12A58A7E5B1,SOBXQKV12A8C13451B,SOKJPGI12A8C136FB9
TRIGZIY128F42348C1,SOWMAZE12A58A79390,ARACDPV1187FB58DF4,Motion City Soundtrack,Fell in Love Without You (Cd),punk,Memories Are Made Of This,Dont Cry,Back Then,121.0,257.0,407.0,SOEXXLQ12A58A7A0CD,SOAPIAQ12AB01887CA,SOKFMCV12A67AE0CBB
TRZGUYI128F42368DF,SOGAERS12A58A7F67D,ARACDPV1187FB58DF4,Motion City Soundtrack,Point Of Extinction (Cd),punk,Lightspan,We Propose,If I Had,34.0,297.0,736.0,SODSJPM12AB017B07F,SOBLSVV12A8C13E4F8,SORAWSB12A6701FBC8
TRJQRJO12903D00E65,SOBMDGH12AC3DF9D80,ARACDPV1187FB58DF4,Motion City Soundtrack,Stand Too Close,punk,Overjoyed,Indy 500,Too Much Love,234.0,977.0,184.0,SOGKWDL12A6D4F78E5,SOEGFVI12A8C14221A,SORRZSE12AAFF41602
TRQMNKZ12903D00E5B,SOSEINE12AC3DF608E,ARACDPV1187FB58DF4,Motion City Soundtrack,Worker Bee,punk,Winter,Good Day Here,Gold,255.0,147.0,319.0,SOKCCAJ12AAF3B527B,SOBWKKF12A6D4F5AC3,SOUEAOW12AAF3B3C8F
TRMZSJY128F4255BE9,SOGKVVX12A81C224D1,ARNBMT71187B993523,Interpol,Mind Over Time,punk,I'm Not Silent,Viva ! blunt force trauma,All Over The World,62.0,42.0,349.0,SOQTWZO12A58A7E2D0,SOIBAKH12A8AE47BF2,SOISMKA12A6BD548B5
TRVQHEV128F4259AB2,SOYQVWF12D0219A2C4,AR13CXU1187B9AD30A,The Clash,I Fought The Law,punk,I Held My Baby Last Night,All Ghetto Girl,My Girl,133.0,485.0,162.0,SOLMLIY12A8AE46A28,SOYVIXN12A58A77894,SOZQNML12A8C13D971
TRVMLEW128F425A82D,SOFEOUD12D021B1FC4,AR13CXU1187B9AD30A,The Clash,The Magnificent Seven,punk,Christmas Card From A Hooker In Minneapolis,Willie And Laura Mae Jones,I Can't Get My Hands On You,267.0,368.0,283.0,SOXTNEG12A8C139823,SOPZCLC12A6D4F6FA8,SOUJYOE12AB0186B79
TRWVZBZ128F1462E08,SOKLVHU12A6D4F4778,AR048JZ1187B9AEB85,Yellowcard,Believe,punk,Alright,Welcome To My Love,One Love / People Get Ready,404.0,332.0,236.0,SOVECCN12AF72AC5B7,SOWDSGZ12AF72A0B28,SOVKUMU12D0219A271
TRQYGUV128F1462E01,SOTEFLI12A6D4F4771,AR048JZ1187B9AEB85,Yellowcard,Empty Apartment,punk,Don't You (Forget About Me),Broken Heart,Call Me,256.0,212.0,274.0,SOUJRHB12A8C13BB04,SOJNLTM12AB017F15C,SOUMTGW12A8C13AE05
TRBKLDM128F427D0DA,SOMGXHN12A58A7929F,ARZWK2R1187B98F09F,Rise Against,But Tonight We Dance,punk,Private Lives,Dance me love,Emergency House Party,88.0,132.0,181.0,SOXTHZL12A6D4F6CDF,SOQHMMQ12A6D4F9C43,SOOKGFA12AB017FE9D
TRKSDBX128F9345DC9,SOZQVQL12AB01860A8,ARZWK2R1187B98F09F,Rise Against,Faint Resemblance,punk,Wait A Minute,Fields,Fiesta Loca,354.0,238.0,221.0,SOQOHGP12A8C14055D,SOYCNLA12A81C231AB,SOYCNBV12AAF3B5291
TRMGOLR128F933A7DB,SOYDERO12A6D4F72BC,ARZWK2R1187B98F09F,Rise Against,Survive,punk,Earthquake,Highlight Of My Life,2x2x2,248.0,175.0,143.0,SOTSUJH12AB0182EF5,SOECQKU12D0219A2E4,SOLWPMI12A6BD55D16
TRFNVPY128F92D2626,SOUKLPY12A8C1451A8,ARZWK2R1187B98F09F,Rise Against,The Dirt Whispered,punk,Digital Sea,Josey,You Are Not Alone,175.0,244.0,353.0,SOWGPJV12A8C138B09,SOGXZZI12AAF3B2704,SOFRVOH12A8C132F50
TRPSYVF128F428A446,SOQAAVL12A8C13C158,ARP28RX1187B9AF6C4,The Offspring,Get It Right (Album Version),punk,Something I Can Never Have,When I Get Old,All Terrain Vehicle                      	,283.0,232.0,231.0,SOQQTFV12A6701C5F6,SOVNZON12A8C137ECD,SOELKBA12AC3DFA57B
TROGTUS128F932D6CB,SOSVNOS12AB01831D7,ARP28RX1187B9AF6C4,The Offspring,Want You Bad,punk,Bad Girls,Ballchef,You Need A Hug,439.0,130.0,249.0,SONXYSY12A8AE45CAB,SOIKYUY12AB01814C2,SOTEDRT12A8C13FBA7
TRZVPFY128F92E19DF,SOPXOZV12AAF3B462D,ARP28RX1187B9AF6C4,The Offspring,Staring At The Sun,punk,Punk Rock Points,Close My Eyes,Don't Cry For Me Argentina,321.0,302.0,198.0,SOVFAMV12A58A7BBD4,SOQAPQA12A8C13CAFD,SOBQOCH12AC468C978
TRGAEVY128F428BEF6,SOWLEBB12A8C13972F,AR46CAD1187FB4D84B,Bad Religion,Operation Rescue,punk,World Of Uncertainty,16,The Irony Of It All (Album Version),171.0,331.0,640.0,SOVBJCS12A8C1326BE,SODHPHU12AB0187560,SOIAMAG12A6701DCFC
TRPTWJT128F422F239,SOAOSYE12A6D4FB832,AR10USD1187B99F3F1,Silverstein,When Broken Is Easily Fixed (Album Version),punk,Pretty Lush (Album Version),C.b.f.,Bottomless Seas,277.0,174.0,159.0,SOAWPWR12A81C22BBD,SOZNHOP12A67ADB12D,SOYESAN12A58A80C12
TRPYGVQ128E078EFE9,SOEDBQL12A670213B3,ARWA6NT1187FB3F15C,The Cure,Want,punk,The Dog ( LP Version),Do The Dog,TruDog: The Return,146.0,203.0,132.0,SOEETRF12A58A79ECC,SOMOZXO12AB01842E7,SOODDCC12A6D4F896F
TRJNMGP128F92E0427,SOGXZZI12AAF3B2704,AR8UICP11C8A4154FD,Hey Monday,Josey,punk,DHC,The Dirt Whispered,Tinkers Blues,284.0,275.0,311.0,SOHSOGT12A58A7DDC4,SOUKLPY12A8C1451A8,SOPTRSN12A8C1312E0
TRVWMAR128F425A2DA,SOMFMFC12A8AE45B47,AR13CXU1187B9AD30A,The Clash,1-2 Crush On You,punk,Knowledge Of Self,Auntie (Ma-Ma-Ma Belle),Eat To Live (Album Version),621.0,162.0,528.0,SOZGPVL12A6D4F73FD,SOZRRPP12A8C13CAAF,SOQERAI12A8C1402F9
TRCKZBM128F425A2DD,SOJPDPR12A8AE45B50,AR13CXU1187B9AD30A,The Clash,Brand New Cadillac,punk,He Ain't Comin' Home No More,C'Mon,Goin' Back To Indiana,131.0,360.0,251.0,SOCXPOX12A6D4F95D1,SOOIIBA12A8C130C42,SOVJMLE12AB01848BF
TRCFCHA128F4259A75,SORYRRU12A8AE45B60,AR13CXU1187B9AD30A,The Clash,Cool Confusion,punk,Me And My Desire,Hollywood,GO,184.0,391.0,192.0,SODGIKA12AB0189D13,SOSPYJZ12A58A7B509,SONGPQL12A8AE45DE5
TRYSJKQ128F4259A73,SOKVAFU12A8AE46882,AR13CXU1187B9AD30A,The Clash,First Night Back In London,punk,Minutes to Miles,Chest Pain,B-Boy Bouillabaisse: A.W.O.L. (2009 Digital Remaster),220.0,482.0,1746.0,SOIGEST12AAA8C9336,SOQWGSB12AB01820EB,SOELYON12AB01876A3
TRAQKVC128F425E65C,SOUTRYP12A8AE46BC6,AR13CXU1187B9AD30A,The Clash,Inoculated City,punk,21 Guns (Good Riddance),With God On Our Side,Invaders Must Die,162.0,343.0,36.0,SOEAVRJ12AB0185692,SOXYGEE12CF5F875CF,SOTTAJB12A8C142C18
TRUASIU128F425A1D7,SOKPHTL12A8AE47058,AR13CXU1187B9AD30A,The Clash,Lost In The Supermarket,punk,Here's To All The People I Have Lost,Just In Time,The City,130.0,76.0,307.0,SOVNQMR12AB018007E,SODURWF12A6D4FACFC,SOPZHUT12AB0184E13
TROLGMC128F4259BB8,SOMAATM12A8AE45E6A,AR13CXU1187B9AD30A,The Clash,Overpowered By Funk,punk,Funk Funk,Shake Your Rump To The Funk,One Nation Under A Groove,292.0,258.0,499.0,SOAFXSG12A58A76FC1,SOQFMUI12A8C13EC9D,SOVBBZR12AB017F913
TRMQMTC128F428A516,SOSTMID12A8C13A27B,AR46CAD1187FB4D84B,Bad Religion,Automatic Man (Album Version),punk,Reefer Man,Possessed To Skate,I Call Him Love,217.0,175.0,242.0,SOKEOFH12AB0185E17,SOPSGBC12AF72A956D,SOQRGIE12AB018B62C
TRQENBA128F426093C,SOQLMHB12A8C1384BF,AR46CAD1187FB4D84B,Bad Religion,Chimaera (Album Version),punk,Hurts The Most,Some Men Are Like Chocolate,Ballchef,587.0,250.0,130.0,SOKBWRK12A8C138EE6,SOFFUJG12AB01836C0,SOIKYUY12AB01814C2
TRJCXHB128F428AC5B,SOLDKOL12A8C1392D1,AR46CAD1187FB4D84B,Bad Religion,Damned to Be Free (Album Version),punk,Ridiculous,Wicked World,Re-Birth,605.0,110.0,378.0,SOTKMPY12A8C142971,SOTGVYT12A8C14219A,SOTFXJB12A58A7692B
TRHWAPL128F428BEEE,SOSHLOP12A8C13971C,AR46CAD1187FB4D84B,Bad Religion,Get Off,punk,Share My World,Mainstream,All For One (Explicit) (2006 Remastered LP Version),405.0,863.0,931.0,SOJUIXL12AF729FE1E,SOTGYAV12A8C139BF5,SOMPSML12A6D4FADB0
TRHYIAH128F14825EC,SOLIECS12A6310F220,AROBHK51187B9AD82B,Funeral For A Friend,Juneau,punk,Guess How Much I Love You,Stone Cold Heart,More Than You Know,192.0,283.0,111.0,SOYCEDV12AB017A4C7,SONYKAZ12A8AE4579F,SOADFUS12D021979D8
TRWMODL128F92E7E2A,SOLOBYS12AB017B614,ARUUP451187B9AF56E,Wire,Another The letter,punk,Where's The Truth,Heart In The Right Place,Promise Broken,409.0,264.0,197.0,SOOAKMU12AF729CFD4,SOILDBD12AB017FBCE,SOBUBWD12A8C13A806
TRABGYE128E078278A,SODQTSE12A6310D90B,ARUUP451187B9AF56E,Wire,Strange,punk,Something Written,Have To Explode,DHC,103.0,137.0,284.0,SOQKHWA12AB01855E4,SOTWZMD12A58A767D3,SOHSOGT12A58A7DDC4
TRBAQPR128F92F4AB0,SODLLJJ12A8C141D54,ARDT4K91187FB53602,The Wonder Years,Dude_ What Is a Land Pirate?,punk,Already Gone,Destination: Death or Better Days,I'd Hate To Be You When People Find Out What This Song Is About (Album),304.0,204.0,296.0,SOAGZYO12A58A776AC,SOVVPIM12AF72A33E8,SOAQLWB12A8C13BA9D
TRVOTRF128F148AE44,SOYCTSV12A6D4FB43C,ARMKNC21187FB4696B,Dashboard Confessional,Again I Go Unnoticed,punk,Another Wound,I'm Still Waiting,MV4,224.0,392.0,317.0,SOJNNIX12A6D4F46B2,SOKPCRJ12A6701EC04,SOGWDEQ12A8C132D1F
TRRERUT128F1477144,SOWSXYV12A58A7CCC3,ARMKNC21187FB4696B,Dashboard Confessional,Carry This Picture,punk,Accidents,Stingy,The Cobbler,255.0,275.0,78.0,SODMCCQ12A8C13D3FE,SOCEFVH12A8C140DED,SODZGYL12A8C136614
TRHGTHE128F428B4C3,SOVJEHL12A8C13B495,ARPDVPJ1187B9ADBE9,Usher,U R The One,r&b/soul,Jack U Off (LP Version),Leave The Lights On (Album Version),Never Letchu Go,272.0,122.0,379.0,SOENAXE12A8C13C13A,SODCODJ12A58A79BF7,SOMQTBN12A8C13A622
TREIEOO128F42B0099,SOJPTRM12A8C14003B,ARXOTQH1187FB57084,Chris Brown,Ain't No Way (You Won't Love Me),r&b/soul,Love Affair,Magical,Honest Expression,266.0,360.0,933.0,SOFGKDT12A8C1399DD,SOTYTWT12A58A7BBEE,SOUZUFC12A8C14222C
TRRZSBO128F428BE44,SOGEKBX12A8C13ACE1,ARPDVPJ1187B9ADBE9,Usher,Nice & Slow,r&b/soul,Waiting For The Day,Sex Packets (LP Version),Star,569.0,483.0,233.0,SOCREJX12A6D4F7A4B,SOZGLGT12A67020BA5,SOHTSXZ12A6D4F8B20
TRMZSRG128F428BE3F,SOPEKWP12A8C138692,ARPDVPJ1187B9ADBE9,Usher,Roni,r&b/soul,Keep Your Hands Off Her,My Little Girl,Baby,74.0,218.0,245.0,SOEVBYG12A8C1340A1,SOXZUMI12A58A77D7F,SOCTYHG12A679D7E2B
TRENECR128F92DAC48,SOOPTMD12A8AE46BFE,ARXOTQH1187FB57084,Chris Brown,Damage,r&b/soul,Passin' Me By,Caught Up,Higher,697.0,673.0,397.0,SOSTXYN12A6D4F67D4,SOEOKHN12A81C2160D,SONCSOX12AB017F3A5
TRIAONH128F9340E62,SOCTATF12A58A77508,ARXOTQH1187FB57084,Chris Brown,Gotta Be Ur Man,r&b/soul,Sunshine,Be Your Husband,Naked,506.0,137.0,516.0,SODOFEI12AAFF44BF1,SOUAMLJ12A8C14347F,SOLMEOG12A8C142046
TRFBNCQ128F9302AD9,SORWAEG12AB0181063,ARCGJ6U1187FB4D01F,Akon,Birthmark,r&b/soul,Forgiveness,Get It Together (Album Version),Breakin Me,384.0,225.0,229.0,SOQUMVV12AB01853A1,SOHGQLN12A6701F775,SOKNZNC12AC4689423
TRPZAPZ128F9341D3E,SOUFNEL12D021B2AEB,ARLMXEA1187B9A7D04,R. Kelly,Don't You Say No,r&b/soul,Disco,Not Your Baby,Naked,115.0,402.0,516.0,SOHGAWO12A6D4F8F9E,SONZTKX12A6D4FB006,SOLMEOG12A8C142046
TRGHYGG12903CAC100,SORLWRB12D02199388,ARLMXEA1187B9A7D04,R. Kelly,Kickin' It With Your Girlfriend,r&b/soul,I Mean (I Don't Mean It),Interlude 5,Kiss,701.0,1903.0,408.0,SOCUXGX12A8C13B78C,SOONCPO12AF72A1986,SOQIBZY12AB018A208
TRNEYNN128F92C21F7,SOZEFCO12D02193313,ARLMXEA1187B9A7D04,R. Kelly,Rise Up,r&b/soul,Rise,You Hold Me Together,Sometimes,370.0,255.0,242.0,SOWFFAB12AB01805A1,SOFSVBU12AB01847D6,SOMAMBJ12AB018B702
TRRSRXG128E07888AF,SOTFWWF12A67020F44,ARKSZW81187B9B695D,Mariah Carey,Joy Ride,r&b/soul,Joy,Strings,Make You Sweat (LP Version),352.0,489.0,402.0,SOCIXUM12AF72A31A4,SOVDWUN12AB0188590,SOOLLHO12A67020EE8
TRONPIZ128F1454219,SOKLOOH12A6D4F6EED,ARKSZW81187B9B695D,Mariah Carey,Sprung,r&b/soul,I'm Ready,GO,Why You Doing Like That,330.0,192.0,246.0,SODUFYR12A6D4F7584,SONGPQL12A8AE45DE5,SOHYEEO12AB0185658
TRJKYAO128F427420D,SOSEWHU12A8AE484E5,ARKSZW81187B9B695D,Luther Vandross,Never Too Much,r&b/soul,Too Much Pressure,Oh Baby I,She's Funny That Way,250.0,444.0,181.0,SOKIUOK12AB018306E,SOSKIZH12A6D4F7B05,SOALXFE12A6D4F78B0
TRYGRKO128F9343244,SOMBFBA12A8C13D236,ARLMXEA1187B9A7D04,R. Kelly,Chocolate Factory,r&b/soul,Jack U Off (LP Version),It Ain't Easy,Space,272.0,272.0,400.0,SOENAXE12A8C13C13A,SONISBV12AF72A4E2E,SOVIBRM12A6701F70A
TROIJDA128F9341E70,SOCUXGX12A8C13B78C,ARLMXEA1187B9A7D04,R. Kelly,I Mean (I Don't Mean It),r&b/soul,I Didn't Mean To Turn You On,Kickin' It With Your Girlfriend,Do It All Again,229.0,642.0,431.0,SOEIKWC12A8C140D19,SORLWRB12D02199388,SOBEISJ12A8C13487D
TRXTJGV12903CAC0F8,SOJYYAN12A58A790B1,ARLMXEA1187B9A7D04,R. Kelly,In The Kitchen,r&b/soul,Sexy,It's All Over,Rock And Roll Girls,440.0,246.0,125.0,SOBRREA12A6701C403,SOZWPSF12A8AE48BA4,SORMJEK12A8C13CCFF
TRTWRQD12903CA9E3B,SOCDGAR12AB018CE44,AR52EZT1187B9900BF,Alicia Keys,Distance And Time,r&b/soul,Oh Baby I,The Look Of Love,20th Century,444.0,269.0,95.0,SOSKIZH12A6D4F7B05,SOTBQNN12AB017C3B4,SOOTLLF12A670216A7
TRWPMRK12903CCDA98,SOWGUXF12AB0185700,AR52EZT1187B9900BF,Alicia Keys,Lover Man,r&b/soul,You Can't Judge A Book By It's Cover,Moonlight Serenade,I Got a Woman,234.0,211.0,216.0,SODJRXJ12A6701FDFD,SOEFVUJ12A58A7D3F7,SOKQSDH12AB0188B1A
TRMTTBA128F429A7EC,SOSYUFF12A8C13C104,AR52EZT1187B9900BF,Alicia Keys,Nobody Not Really (Interlude),r&b/soul,Jeannie's Diary,A Really Good Time (1999 Digital Remaster),Anyone Who Knows What Love Is (Will Understand),136.0,217.0,139.0,SOHMAMN12A67021CBD,SOEKFHZ12A6D4F8F3A,SONUKMU12A6D4F92D5
TRWCVWH128F4284EE5,SOIYWLQ12AF729E318,AR52EZT1187B9900BF,Alicia Keys,Piano & I,r&b/soul,Lowrider,Plumskinzz (Loose Hoe_ God & Cupid),Without You,38.0,833.0,501.0,SOMYDUA12AB018B510,SOIUWJT12AB0184B9F,SOBVQMR12A8C139495
TRQQLZD128F425E9BC,SOYSABZ12A58A7CAE3,AR52EZT1187B9900BF,Alicia Keys,Tell You Something (Nana's Reprise),r&b/soul,Club Megamix,Destination: Overdrive,Everyday,749.0,117.0,131.0,SOFCVMN12A8C141F62,SOGYLVQ12AAF3B5330,SOPGXNZ12AB017C185
TREAJBV12903CCDA96,SOVRMZU12AB017FE90,AR52EZT1187B9900BF,Alicia Keys,Try Sleeping With A Broken Heart,r&b/soul,Fast As I Can,Forgiveness,Lost In You,332.0,384.0,178.0,SODUANR12A6D4F5036,SOQUMVV12AB01853A1,SOXYQHD12A6D4FAFD0
TRDFWVZ128F4284EF0,SODFKEG12AF72A4E66,AR52EZT1187B9900BF,Alicia Keys,Why Do I Feel So Sad,r&b/soul,Tell Me (Acoustic),Hate,You Need A Hug,211.0,404.0,249.0,SOPCWSS12AF72A2A0F,SOFLXEX12AF7299CD3,SOTEDRT12A8C13FBA7
TRFRUCJ128F4284EF2,SOKILIB12D021B411C,AR52EZT1187B9900BF,Alicia Keys,Lovin U,r&b/soul,Easy,Work It Out,Easy To Love,185.0,101.0,98.0,SOBXZEI12A8C13AD47,SOFGYYW12A6D4FC12C,SODXQFP12A8C134B8D
TRXONIT128F9355F39,SOMSIJG12AF72AD5CE,ARQFENL121318C58A6,Jeremih,My Ride,r&b/soul,Who Ride Wit Us,To Da Crib,Stop This Car,528.0,400.0,485.0,SOTKJZM12AB0186336,SOFVLVR12A8C1413F4,SODSHSS12A58A7C1E3
TRURHNH128F9355F33,SONEKBK12AB017C335,ARQFENL121318C58A6,Jeremih,Starting All Over,r&b/soul,I'm Not In The Mood (To Say No)!,Plumskinzz (Loose Hoe_ God & Cupid),Life of Tha Party,430.0,833.0,458.0,SOOZOFD12A6701DF50,SOIUWJT12AB0184B9F,SOKCPVV12AB018699F
TRBVOUE128F92F4B3E,SOLYDSR12D021902F1,ARIL5841187FB5C061,Duffy,Oh Boy,r&b/soul,Jake,Home,Li'l Jack Horny,248.0,239.0,187.0,SOYZMEH12A8C143D9E,SOVXHMY12A6D4F91BB,SOLEPCT12A67020BEE
TRTAKII128F92E4449,SOKHIOI12A8C141E73,AR9B7FG1187B9A5C96,Jay Sean,Maybe,r&b/soul,Safe and Sound,FlyPaper,Evenfall,441.0,586.0,247.0,SOGSMTD12AB0181B7D,SOHJQFM12B0B809305,SOSYSEP12A8C13A440
TRSHMDQ128F422C1D6,SOZBCSN12A8AE46F93,AR9B7FG1187B9A5C96,Jay Sean,Stuck In the Middle,r&b/soul,Stop & Think It Over,Loser Friendly,I Like It (Remix),182.0,192.0,481.0,SOYFDKT12AB0184F67,SONZCSB12A6D4FC97C,SOOEBXF12A58A78509
TRENMSO128F42AF485,SOUXXLG12A8C13EB34,AR8DTD41187FB51ED9,Fantasia,Bump What Your Friends Say,r&b/soul,Never Meant To Be,Friends/Oh My My (LIve),Don't Want You Back,247.0,505.0,366.0,SONQRIB12A6701E797,SOFZNJD12A8AE477DE,SOLYDEE12A8C13B199
TRTSASI12903CC26E8,SOUSVDG12AB018B099,AR20CFC1187B98A25D,Ray Charles,Smack Dab In The Middle,r&b/soul,Is This Love,Rock Me Baby,20th Century Boy,303.0,168.0,216.0,SONIOGK12A6D4F861D,SOFCVLP12AB017E87C,SOTVYTQ12A8C14461B
TRNZNSR128F429F04B,SOIFMOR12A8C13C0CD,AR20CFC1187B98A25D,Ray Charles,Don't You Know,r&b/soul,Soon Forward,Kiss me baby,Ain't Too Proud To Beg,151.0,205.0,345.0,SONPOCZ12A8C1373DE,SOLOQYJ12AB0188A53,SOZDIOV12A6701D7E9
TRWFFHM128F92F99C4,SOJVLDB12AB017ACC4,ARZCS0M1187FB52EAB,Chrisette Michele,All I Ever Think About,r&b/soul,Nice & Slow,Sex,Waiting For The Day,469.0,610.0,569.0,SOGEKBX12A8C13ACE1,SOJUGCS12AB01856DD,SOCREJX12A6D4F7A4B
TRDIOJU128F931BF15,SOPGSCU12D0219384E,ARRZUPG11F43A69EF7,Jackson 5,(You Were Made) Especially For Me,r&b/soul,Anyone Who Knows What Love Is (Will Understand),Don't Sit Under The Apple Tree,Dream Catch Me,139.0,251.0,313.0,SONUKMU12A6D4F92D5,SOCIAUG12A8C130F7F,SOFOSCE12A8AE48955
TRGYQBU128F9342C87,SONQNNF12D021B4C46,ARRZUPG11F43A69EF7,Jackson 5,I Was Made To Love Her,r&b/soul,Build Me Up Buttercup,Black Dog,I BELIEVE,235.0,273.0,355.0,SOVNTPR12A6310F98E,SOEWJIT12AF72A186E,SOZUOXB12A81C22A66
TRVBSAC128F42B6438,SOAPRQO12AF72A2410,ARRZUPG11F43A69EF7,Jackson 5,Bridge Over Troubled Water,r&b/soul,When I Lay My Burden Down,Lay Down Your Sorrows,Sweet Troubled Soul,103.0,257.0,212.0,SORMLWN12A58A7699C,SOFYSHZ12A8C134CB9,SOAWKPV12A6D4F822C
TRHTGXF128F931BEE7,SOVJMLE12AB01848BF,ARRZUPG11F43A69EF7,Jackson 5,Goin' Back To Indiana,r&b/soul,Heaven,I Got It Goin' On,He Ain't Comin' Home No More,432.0,443.0,131.0,SOWDJSK12A8C13C665,SOJRVID12A6D4F73F8,SOCXPOX12A6D4F95D1
TRULIIL128F4228AC8,SOHQSLE12A6D4FD852,ARRZUPG11F43A69EF7,Jackson 5,Lookin' Through The Windows,r&b/soul,Twizala,Morning Light,Looking for Somebody,524.0,140.0,65.0,SOLCSXJ12A6D4F854B,SOIJKTG12A8C13AAEB,SODSMLB12AB017D846
TRTKNDU128EF3517DF,SOHAESY12A6D223C62,ARRZUPG11F43A69EF7,Jackson 5,You've Changed,r&b/soul,Here And Now,Yeah,Something To Talk About,291.0,376.0,301.0,SODNMAH12A8C13C287,SOKOPJY12A8C13BEB7,SOKLHOW12A67ADE678
TRQBNNZ128F92D4F35,SONSXHN12A58A7B790,ARNQKXK1187B99EFDA,Jazmine Sullivan,Switch!,r&b/soul,Best Of Luck,I Don't Care,The Winkle Man,230.0,133.0,289.0,SODLATA12B0B80785F,SOYCDYS12A58A7BF3D,SOOKVDG12A6D2281E1
TRTYGWW128E0794FA2,SOXJKGU12A67ADA1C9,ARIPLUN1187B99B9F9,The Police,One World (Not Three),reggae,Lightspan,Imagine,This Respirator,34.0,215.0,245.0,SODSJPM12AB017B07F,SOMCFMK12A6D4F7AFB,SOEYGIG12A8C141EA3
TRKHTKI128F92EA339,SOSDIHQ12A8C13C23F,AR6J3X81187FB59A7B,Matisyahu,Close My Eyes,reggae,B-Boy Bouillabaisse: A.W.O.L. (2009 Digital Remaster),Days Like These,Bad Mutha,1746.0,559.0,768.0,SOELYON12AB01876A3,SOBDJYO12A81C22157,SOIRTUC12AB0182042
TRACTLX128F42A51F6,SOWXKLQ12A8C13C221,AR6J3X81187FB59A7B,Matisyahu,Exaltation,reggae,Prism Of Life,O Holy Night,All Over The World,136.0,226.0,349.0,SOJJJEY12A6D4F7FAE,SOGBKDN12A8AE469FE,SOISMKA12A6BD548B5
TRHQAPS128F42A51F4,SOSWVVV12A8C13C21C,AR6J3X81187FB59A7B,Matisyahu,Fire and Heights,reggae,So Help Me God,Book Of Life,All Fired Up_ No Place To Go,175.0,569.0,298.0,SOSGNDE12AB017CE92,SOLIKYJ12A8C13F7DA,SOIPNIY12A8C13EBA4
TRWMHCZ128F42AE295,SOPJZCC12A8C13FF7B,AR6J3X81187FB59A7B,Matisyahu,Jerusalem,reggae,One Tribe,Autopilot,Yours (Live),724.0,155.0,187.0,SOROKRP12AF729F9B4,SOOPYMB12A8C14139A,SOSUUFB12AB017F629
TRMMTKA128F42A51E7,SOSCMSY12A8C13C1E9,AR6J3X81187FB59A7B,Matisyahu,Warrior,reggae,Fire and Heights,Jerusalem,Adam Lives In Theory,621.0,480.0,538.0,SOSWVVV12A8C13C21C,SOPJZCC12A8C13FF7B,SORCQJA12A8C131FB1
TRPPHPV128F92F0750,SOMITIJ12AB017CAFA,ARW8F4B1187FB45EB4,Sublime,Don't Push,reggae,B-Boy Bouillabaisse: A.W.O.L. (2009 Digital Remaster),Make the Music With Your Mouth_ Biz,The Dance,1746.0,671.0,913.0,SOELYON12AB01876A3,SOJQGGQ12AF72A0CD6,SODXCYQ12AF72A03A9
TRZDKCU128F1456899,SOVEQJB12D0219AE54,ARW8F4B1187FB45EB4,Sublime,Pawn Shop,reggae,Do You Remember,Stone Cold,The House That We Built,461.0,186.0,355.0,SOPBOSD12A8C130C74,SOKJJZF12AB0187957,SOITAFR12A6D4F8C62
TRQCFKA128F148A0D5,SOUEAIV12A6D4F9FC2,ARRYZN01187FB45757,Michael Franti & Spearhead,See you in the Light,reggae,At The Spot,You Know How to Love Me,Hyper-Ballad,270.0,329.0,223.0,SOBWZXK12AB0183988,SOVTPZH12A8C13AA4B,SOYYIZX12A6D4FD72C
TRPPATZ128F428BA6E,SOFOGTV12A6D4F9FBE,ARRYZN01187FB45757,Michael Franti & Spearhead,Sweet Little Lies,reggae,Where's The Truth,Masquerade,Blind Rage,409.0,279.0,174.0,SOOAKMU12AF729CFD4,SOHERKO12AF72A38DF,SOSYQCM12A8C1447EE
TRMVVWQ128F422BB64,SOLMWNS12A81C209CB,AR9NG3Y1187B9895EE,McFly,The Way You Make Me Feel,reggae,What You Do To Me,By The Way,There'll Come A Time,436.0,778.0,201.0,SOVNMOR12A8C142419,SOOAXBU12A8C141C71,SOXTDMC12A8C13A302
TRRATGY12903D138DB,SOQQEZD12AC468BFC3,ARBNXYA1187FB51C50,Daddy Yankee,Grito Mundial,reggae,Exilio,Ven,La Ranfla Del Cartel,114.0,130.0,328.0,SODSQNU12AB018911A,SORYVXN12AB0186258,SODWEHO12AB01816FB
TRPSKLI128F425E42C,SOAUWMK12A8C136F49,ARD66TF1187B9A1670,tobyMac,Get This Party Started: Ghost Remix,reggae,Everybody Everybody,Life Of The Party,Where's The Party,293.0,234.0,399.0,SOYSZFQ12A58A7C2DD,SOKSRTY12A8C143C90,SOBNIUX12A8C13ABB6
TRWQMVZ128E078F1F7,SOBPURX12D021B0F0F,ARAZCWP129462A97F1,Bob Marley & The Wailers,Africa Unite,reggae,Sticky,Progress,To All New Arrivals,335.0,187.0,191.0,SOIJKHS12A8C13B053,SORAGRO12AB018633F,SODYZNF12A81C217CE
TRHDTPQ128F147733A,SOLWOXW12D021B2450,ARAZCWP129462A97F1,Bob Marley & The Wailers,Could You Be Loved,reggae,Destination Unknown,You Do Something To Me,Rollercoaster,248.0,47.0,438.0,SOBXQKV12A8C13451B,SOGNOAN12A58A7ABB0,SOIKHQJ12AB017E83A
TRUVZTN128F424B846,SOLIWAK12D021B0CFA,ARAZCWP129462A97F1,Bob Marley,No Water,reggae,Rebels Hop,All Along The Water,Don't Wanna Go To Bed Now,158.0,283.0,303.0,SOPYZTH12A8C135090,SOMINWR12AF72AB038,SOBILDF12A6D4FC6AE
TRGPDHJ128F14527D5,SOVKUMU12D0219A271,ARAZCWP129462A97F1,Bob Marley & The Wailers,One Love / People Get Ready,reggae,Believe,Alright,It's Alright,371.0,242.0,277.0,SOKLVHU12A6D4F4778,SOUNWQX12A6D4F76E0,SOZFAFS12A8C13DF99
TRHKHHL128F4251E2A,SOFLXLZ12D021B24CD,ARAZCWP129462A97F1,Bob Marley,Try Me,reggae,Take Me Away,Try Me Again,Without You,293.0,229.0,501.0,SOZKPQP12AC9097972,SOWCOUZ12AF72A2DB3,SOBVQMR12A8C139495
TRAMTEH128F930D496,SOKVEKX12CF530D5AF,ARAZCWP129462A97F1,Bob Marley & The Wailers,Baby We've Got A Date (Rock It Baby),reggae,Rock Wit U (Awww Baby),We Gonna Rock,The Street And Babe Shadow,522.0,312.0,143.0,SOHQFVC12A58A7B234,SOENGNL12AB018E1BD,SOBZAVU12A8C141EA9
TRCGRJV128F1477322,SOJPUXZ12CF5F8899E,ARAZCWP129462A97F1,Bob Marley & The Wailers,Johnny Was,reggae,She's Single Again,W.O.M.A.N.,Take My Money,262.0,163.0,563.0,SOYMSBE12AAF3B496B,SOMPSXS12D021B12D7,SOQNGHN12A6D4F8169
TRRVJJF128F9309F02,SOECMGI12CF530E4F3,ARAZCWP129462A97F1,Bob Marley,Riding High,reggae,Get Fresh,Quills,My Ride,431.0,647.0,661.0,SOURGRV12AF7299E82,SODZGCI12AB01859AE,SOMSIJG12AF72AD5CE
TRDXHIR128F930E030,SOZKMVA12CF5F87636,ARAZCWP129462A97F1,Bob Marley,Soul Shakedown,reggae,Ringa Ding Ding,(Why Did I Tell You I Was Going To) Shanghai,Long Live The Party,134.0,219.0,283.0,SOGOTRJ12A6D4FC286,SOKWORU12A58A7E9F4,SOIGEWM12AB0184077
TRDTEUX12903CB4AD7,SOQJCXI12CF5F883FC,ARAZCWP129462A97F1,Bob Marley & The Wailers,Trenchtown Rock,reggae,Sound Check,Turn Up The Music,We Gonna Rock,313.0,189.0,312.0,SOAAICH12A67020F03,SOETDVR12A6D4F72F9,SOENGNL12AB018E1BD
TRVTZTY128E0781E22,SOQUOKX12A6310D863,ARNF13I1187FB562A5,Massive Attack,Eternal Feedback (Sly),reggae,Your Emotions,Down To Your Last One More,From December,171.0,152.0,184.0,SOLTOOU12A58A79668,SOKFMRQ12A8C139649,SOFYNVS12A6D4F9115
TRORKSH128F9320C21,SOOLUCH12A6310E8B5,ARAZCWP129462A97F1,Bob Marley & The Wailers,Black Progress,reggae,Handsworth Revolution,Fight The Power,I'm Ready,279.0,482.0,330.0,SOOLEAJ12AB01868A3,SOEHHAW12A8C1440DB,SODUFYR12A6D4F7584
TRGEMSN128E07944A8,SOKCEXR12A6701C3EB,ARAZCWP129462A97F1,Bob Marley & The Wailers,Reggae On Broadway,reggae,Give Me What I Want (LP Version),Baby I Need Your Love,Naked,406.0,204.0,516.0,SOJKGFW12A58A80A76,SOCRXUH12A8C13F579,SOLMEOG12A8C142046
TRQMVYN128F4250E38,SOPYZTH12A8C135090,ARAZCWP129462A97F1,Bob Marley,Rebels Hop,reggae,No Water,Silence,Sweet Inspiration,148.0,282.0,193.0,SOLIWAK12D021B0CFA,SOCJBJD12A8AE479C7,SODEDUK12AC468DFD8
TRDJCNG128F9339544,SOKMGXA12A8C1447B6,ARAZCWP129462A97F1,Bob Marley,Stop The Train,reggae,This Train,Northern Bound Train,Ridin Home,79.0,282.0,108.0,SOIVBAC12AB0186BFF,SOYKQLD12AB017EA04,SODJLWW12A6D4F6FEF
TRVSWGN12903CB4A44,SOIVBAC12AB0186BFF,ARAZCWP129462A97F1,Bob Marley & The Wailers,This Train,reggae,Ridin Home,City To City,Black Train Blues,108.0,332.0,178.0,SODJLWW12A6D4F6FEF,SOXNYVW12A6D4F6042,SOFQXSI12AB0182AC0
TRNJPBY128F92F621A,SOZQGAL12AB01856DB,ARLSC551187B99C55C,N-Dubz,Defeat You,reggae,Feva Las Vegas,Still On It,Saturday Morning,735.0,601.0,261.0,SOPZQDB12A6D4F5D62,SOUHETE12A8C134E51,SOJEYBJ12A6D4FB2A5
TRINMBD128F92F6211,SOBUZCT12AB0181786,ARLSC551187B99C55C,N-Dubz,Don't Get Nine,reggae,Getting Over You,The Illest Brother,Club Megamix,483.0,819.0,749.0,SODNQKV12AC468CEFA,SOBCPJM12AF72A4F1D,SOFCVMN12A8C141F62
TRRKBRB128EF35E2DA,SOPZQDB12A6D4F5D62,ARLSC551187B99C55C,N-Dubz,Feva Las Vegas,reggae,Defeat You,N Digga Dee,Still On It,471.0,74.0,601.0,SOZQGAL12AB01856DB,SOVRQJO12A6D4F89C3,SOUHETE12A8C134E51
TRYPJXU128F92F621C,SOQPAPP12AB01856E3,ARLSC551187B99C55C,N-Dubz,Secrets,reggae,Interlude 5,The Man In You,Why Doesn't Anybody Like Me?,1903.0,420.0,292.0,SOONCPO12AF72A1986,SOJMPOK12AB01833CE,SOJMEQQ12AB01866A4
TRGNBCC128F92F6218,SOYFJUA12AB01856D2,ARLSC551187B99C55C,N-Dubz,Work Work,reggae,Ice Is Workin' It,Passin' Me By,Interlude 5,898.0,697.0,1903.0,SORMTGC12A6D4F6C8B,SOSTXYN12A6D4F67D4,SOONCPO12AF72A1986
TRDNAVT128F428A246,SOSCPLZ12A8C1394B1,ARD2NDU1187B99B615,Dropkick Murphys,Good Rats (Live),reggae,Old Hippie,Roosevelt And Ira Lee,Snoopafella (Edited),413.0,227.0,948.0,SOQMCNT12AB01852AE,SOBSMKF12AB018861D,SOIYRHZ12A67AD8126
TRRHCOS128F4248193,SOCUAWC12A8C1310A4,ARPK4HR1187B9A289D,Tito El Bambino,Sol_ Playa Y Arena,reggae,La Carencia,Ayudame Freud,El Arado,194.0,247.0,85.0,SODSMHM12A6D4FAB14,SOJCRRD12A58A7D438,SOFPDYE12A8C13980E
TRFGOUF128F9348838,SONUORR12AB018724D,AR1WWVL1187B9B0306,UB40,I Don't Want To See You Cry,reggae,Just For You,Words Get In The Way,One Good Time,275.0,464.0,714.0,SOYKLOZ12A6D4FA245,SOUJQRI12A8C142EA6,SOCMHGB12AF729FDF8
TRQLICG12903CBFAFD,SOGXHTF12A58A7C7E8,AR1WWVL1187B9B0306,UB40,Come Back Darling,reggae,My Special Prayer,My Dearest Darling,Stir It Up,129.0,94.0,211.0,SOOYLAP12A58A7917C,SODJRCC12D02192374,SOQCBUL12A8C13926A
TREKDZI128F146A972,SOLFMIZ12A6D4F8330,AR1WWVL1187B9B0306,UB40,Here I Am (Come And Take Me),reggae,Hump Bounce,You Shouldn't Call The Doctor (If You Can't Afford The Bills),Fantastic,282.0,302.0,333.0,SORMDVX12AB01816AA,SOBDKDD12AAF3B30BC,SOMSQNV12A8AE474EE
TRJDXEG128E07820DB,SOZPNNF12A6310D8B1,AR1WWVL1187B9B0306,UB40,Light My Fire,reggae,Say After Me,Buk-In-Hamm Palace (2002 Digital Remaster),Ariana,160.0,328.0,216.0,SOTRRQZ12A8C13E1C1,SOLWDJS12A6D4F6523,SOYTLZR12A67020883
TRKHYKB128E0789D42,SOHQEMS12A6701C57C,ARJ7KF01187B98D717,Coldplay,Til Kingdom Come,rock,Which Way To Free?,Look What You've Done For Me,Until My Dreams Come True,207.0,176.0,110.0,SOFVXDK12AF72A22C8,SOBIONA12A58A7F14A,SOUZYAX12A8C14694C
TRDVELE128F932810A,SOIHOTW12A8C142198,AR91C8S1187B990901,Bruce Springsteen,Brothers Under The Bridges ('83),rock,Snoopafella (Edited),Ashgrove,El Paso,948.0,331.0,457.0,SOIYRHZ12A67AD8126,SOZVLOY12AB0184133,SOIOCHH12AF72A4E08
TRCONIY128F932A7DA,SOEFSBZ12A8C1359C4,AR91C8S1187B990901,Bruce Springsteen,The Big Payback,rock,Nosey Joe,God Damn Job,Survival Song,218.0,82.0,289.0,SONLASM12A58A7AAF4,SOFMVIP12A8C144A79,SOJMNND12A8C1327FC
TRWULBB128F42670A3,SOFVHKR12A8C1325B4,AR91C8S1187B990901,Bruce Springsteen,The Ties That Bind,rock,That's My Baby,Cry For Me,Getting Late,164.0,258.0,520.0,SOHYOTB12AF72AA1D7,SOFSJAV12A8C13BBC7,SOZXGHG12A67021D1E
TROQFYY128F429DBA0,SOBNUTR12A8C140BE8,ARVG4OK1187B9B6BD3,The Killers,Sam's Town,rock,B-Boy Bouillabaisse: A.W.O.L. (2009 Digital Remaster),You Had Me (Live),Fancy,1746.0,501.0,661.0,SOELYON12AB01876A3,SOQJSJU12AF72A58A7,SOUYDJQ12A6D4FC62E
TRHFADH128F92E2BE3,SOKCLGX12A67ADD6BF,ARR3ONV1187B9A2F59,Muse,Pink Ego Box,rock,Albedo 0.39,Inside,Get Into My Groove,90.0,457.0,213.0,SOFPRCK12AF729D7E7,SOKBGDT12A8C133BE3,SOLKLRZ12AB0181B9C
TROAQBZ128F9326213,SONYKOW12AB01849C9,AR73S4G1187B9A03C2,OneRepublic,Secrets,rock,I'm Gonna Be The First One,Secret Life,Club Megamix,190.0,294.0,749.0,SORPDPV12A58810D60,SOMZTGZ12A8C1405B4,SOFCVMN12A8C141F62
TRVZCTL128E078F0BE,SOMBDFC12A67FFB370,ARDVZTE1187FB5A0A1,Bon Jovi,Come Back,rock,Only When ur Lonely,One More Day,Whatever You Want (LP Version),362.0,81.0,423.0,SOCEMVQ12AB0181AD2,SOHXPUB12A6D4F89E5,SOATTJU12A67020DA3
TRAERPT128F931103E,SODLKUO12A8C13CA35,ARFCUN31187B9AD578,The Rolling Stones,Time Is On My Side,rock,Anytime,Baby Come Back,A Song For Mama,384.0,538.0,457.0,SOVODWN12D02199268,SOUCZAI12A6701DF5D,SOXVMFB12A6D4FAAFE
TRQXTQT128E0781DA7,SOOPTNE12A58A7A9C2,ARFCUN31187B9AD578,The Rolling Stones,Fight (1994 Digital Remaster),rock,Fight The Power,Protest Beat,Something's Gotta Give,482.0,102.0,167.0,SOEHHAW12A8C1440DB,SOHZLIM12A8C1348FB,SOFRSII12AF729FE06
TRAUYZG12903CDA4E9,SOFZXTF12AB018D64B,ARDVZTE1187FB5A0A1,Bon Jovi,This Ain't A Love Song,rock,I Want You,Fee Fie Foe Fum,They Were Wrong,509.0,365.0,265.0,SORIQSX12A8AE48E21,SOIJGFB12A6D4F797C,SOQGVGQ12AB01809CD
TRGESLP12903CE31C8,SORXQLX12AB018DCD0,ARDVZTE1187FB5A0A1,Bon Jovi,Superman Tonight,rock,Beauty Lies Within,Other Side of Day,Don't Fall Apart On Me Tonight,139.0,305.0,387.0,SOKRMUA12AB018CD2D,SOBHDVT12AF72ACDC6,SOGEXXD12A679AE55C
TRPAYRK128E0792986,SOINXHP12AF729AF64,ARM7EDF1187B9B3FA1,Guns N' Roses,Bad Obsession,rock,Last Man In The Bar,Killing Time,Kma Goodbye,151.0,447.0,274.0,SOVXUXZ12A8C13F894,SONOMKA12A6D4F7333,SOKIJRL12AB01862BC
TRKMXIA128F4299423,SOEOSFP12A8C137912,ARULZ741187B9AD2EF,Elvis Presley,Anything That's Part Of You,rock,Love Don't Live Here,Love Don't Live Here Anymore,Smile,229.0,105.0,277.0,SOIBKBU12A8C143122,SOWCGJH12A8C1417C6,SOTBDSI12AB01880F3
TRTQRHY128F4241AFD,SORQYLM12A8C132BCF,ARCVKG01187B9B3273,Flyleaf,So I Thought,rock,Don't Call Me Peanut,Song For The Rich,With Love (Remember),222.0,255.0,220.0,SOOEYYT12A58A7B2F1,SOTDSQS12A8C135733,SONZZRQ12A58A7AD6A
TRXIEYZ128E078891B,SOQQWFI12A67020F95,ARN5NHX1187FB4F755,The Smashing Pumpkins,You're All I've Got Tonight,rock,I Didn't Know That You Cared,Someone i care about,It's Alright,292.0,265.0,277.0,SOVSFUL12A58A79186,SONUQUO12AC3DFA446,SOZFAFS12A8C13DF99
TRTGMIX128EF35E2B9,SOBEQEO12A6D4F6589,ARVN9FZ1187FB393F1,Snow Patrol,Signal Fire,rock,There You Are,Forever,Remember Me_ Oh God_ For Good,168.0,172.0,223.0,SOJHJCN12A8C131668,SOOGHJJ12AF729FE1A,SOZFZHP12A5891D2A9
TRHPKWO128F92E01D5,SOSRIAT12AB017A92E,ARVN9FZ1187FB393F1,Snow Patrol,The Lightning Strike,rock,This Respirator,Mastering The World's Smallest Violin,The Hourglass,245.0,184.0,889.0,SOEYGIG12A8C141EA3,SODSVNI12A58A793D6,SOIWGDT12AB018A591
TRDMUWU128E078EDDB,SOSXSMM12B0B808B45,ARH3S5S1187FB4F76B,Nirvana,Dumb,rock,That's When The Music Takes Me,Snowflakes Of Love,Happy Boys & Girls,267.0,178.0,477.0,SOAWWNO12AAF3B5084,SOENLCN12A8C131B1E,SOVJUBY12A6701FE46
TRXEAZB128E078EDCE,SOCUARC12A6701E94D,ARH3S5S1187FB4F76B,Nirvana,Something In The Way,rock,Out On The Western Plain,I'm Cool,London Boys,152.0,131.0,111.0,SOVCWIU12A8C13B8B1,SOWZYPQ12AAF3B1F3D,SOBTJXA12A8C1434BF
TRLKNKC128F42BC213,SOBDDMF12A8C142F73,ART3U3E1187B99B1B8,Switchfoot,Oh! Gravity.,rock,Can We All Come Together,Next Door Neighbour,Brand New Key,150.0,279.0,325.0,SOGTMTM12AF729FA80,SOLREFV12AB01826C8,SODITBF12A58A75A24
TRVQBRZ128F423EEDC,SOLTQZY12A8C13262F,AR8V1WA1187B9AD9E9,The White Stripes,Hotel Yorba,rock,Albee Square Mall,Interlude 5,Merrymaking At My Place,514.0,1903.0,187.0,SOSOTJF12A8C133EF3,SOONCPO12AF72A1986,SOBDZGK12CF5702406
TRBNXZS12903D0A686,SOECMVP12AB018584E,AR8V1WA1187B9AD9E9,The White Stripes,Prickly Thorn_ But Sweetly Worn (Live),rock,Aureus,You're My Angel,Gammal sång,61.0,102.0,128.0,SONYIZU12A6701FF04,SOIQWMA12A8C137455,SOYRWYG12AB0185D86
TRGGBKA128F428E461,SOUOWLT12B0B8090EE,AR8V1WA1187B9AD9E9,The White Stripes,St. Andrew (This Battle Is In The Air),rock,When I Needed an Angel,Wandering Child,You're My Angel,307.0,260.0,102.0,SORNKEU12AB018B121,SOUCVRP12A8C1384AE,SOIQWMA12A8C137455
TRICQHX128F93269FC,SOCBJHG12AB018221C,ARHWR8B1187FB557D3,The Decemberists,I Was Meant For the Stage,rock,20th Century,Stavesail,Lentil (Live),95.0,69.0,316.0,SOOTLLF12A670216A7,SOZWTQN12A8C13EFBE,SOPFXXX12A6D4F8710
TRAFWEV128F428D391,SOLUABP12AF72A2CD2,ARQRQRA12131B4B5A8,Cake,Alpha Beta Parking Lot,rock,Enemmän,When The Lights Go Out,Sitä jotakin,37.0,134.0,32.0,SOJXTGV12A8C1422EC,SOBJBEU12AF729D526,SOKZZCB12A6BD55BC9
TRJRIBM128E0788E18,SODMWLI12AF72A4B62,ARN5NHX1187FB4F755,The Smashing Pumpkins,An Ode To No One,rock,Sixteen,Come Back,Anytime,133.0,333.0,384.0,SOCURQT12A58A7D391,SOMBDFC12A67FFB370,SOVODWN12D02199268
TRIVTJA128F92C1E80,SOITHUR12D021B2253,AR4EQ231187B99368F,The Fray,Over My Head (Cable Car),rock,Sex,Beyond The Visible Spectrum,Sweetwater Texas,610.0,185.0,243.0,SOJUGCS12AB01856DD,SOVSUEL12A58A78A3B,SONQGKR12A8C133F46
TRFLRXQ128F4280CCC,SOSUBHV12AF72A4220,ARNBMT71187B993523,Interpol,No I In Threesome,rock,Day And Night,Baby We've Got A Date (Rock It Baby),The Street And Babe Shadow,352.0,325.0,143.0,SOBOHKS12A67AD72E3,SOKVEKX12CF530D5AF,SOBZAVU12A8C141EA9
TRYBPGK128F4255BE3,SOMZRXL12A81C224B9,ARNBMT71187B993523,Interpol,Pace Is The Trick,rock,Today,Mamacita,Love Don't Do,133.0,352.0,293.0,SOARKPO12AC9618614,SODZACC12A58A7B0B7,SOYACTL12A8C130183
TRGXNCJ128F425FB1C,SOMUPLQ12A8C137A19,ARD4C1I1187FB4B0C3,Pink Floyd,Embryo,rock,Re-Evolute,Viva ! blunt force trauma,Cancel (Album Version),83.0,42.0,525.0,SOPVPNP12A8C136817,SOIBAKH12A8AE47BF2,SOYTFRL12A8C143157
TRFNRGN128E0791E0E,SOWIUZN12AF72A8206,AROAILX1187FB3F858,Buckcherry,Borderline,rock,Out On The Western Plain,London Boys,My Bucket's Got a Hole In It (2006 Remastered Live Version),152.0,111.0,149.0,SOVCWIU12A8C13B8B1,SOBTJXA12A8C1434BF,SONVVYW12A58A7CECE
TROLTZX128E0791C1A,SOJMWLO12CF5CFD711,ARK9TRQ1187B99C095,Nine Inch Nails,March Of The Pigs,rock,Do What You Do,Let's Do This Now,like you to me,263.0,344.0,544.0,SOBONTU12A8C139B07,SOEGTGZ12A8C137552,SONJMKL12A8C143BCD
TRJZZCN128E07938C5,SOCKPDE12A8C142F18,ARK9TRQ1187B99C095,Nine Inch Nails,Burn,rock,A Fire In Babylon,Crazy World,Part Of The Process,246.0,340.0,263.0,SOKZOXU12A6D4F6DFA,SOUSJHY12A8C1457F0,SOOCEKO12A67ADF6D9
TRCZLLQ128E0792778,SOQQTFV12A6701C5F6,ARK9TRQ1187B99C095,Nine Inch Nails,Something I Can Never Have,rock,Get It Right (Album Version),Overcome,You're Not Supposed To,226.0,392.0,111.0,SOQAAVL12A8C13C158,SOGJYOR12AB01866A6,SOJDOSA12A67AD86C0
TRUIAKW128F428C787,SOKFHMY12A8C13EB40,AR16GSC1187B9A6291,Eagles,It's Your World Now,rock,Lentil (Live),Beauty And The Beast,Ribbon Of Darkness,316.0,217.0,161.0,SOPFXXX12A6D4F8710,SOBRRTP12A6D4F7960,SOAULBN12A8C133671
TRCRHFK128F427FD8F,SOLBZDL12CF5F88BE5,AR5FP401187FB523C9,Bob Dylan,Something There Is About You,rock,My Story,Hook,Rotten Apple Pie,628.0,378.0,461.0,SOMGPTZ12A67AE1844,SOMPUQO12A8C13A574,SOOYUHQ12A8AE47FAD
TRMOUUU128F14ADE16,SOJFEHH12A6BD546BE,ART1UFU1187FB4C9B6,Hawk Nelson,From Underneath,rock,Me And The Devil,New Generation,Dave's Friend,263.0,146.0,279.0,SOMRXGA12AB01867E2,SOWAEAT12AB0181B3B,SOETEXW12A8C139748
TRCURQD128F427C75B,SORFOFF12A8C13B65E,ART1UFU1187FB4C9B6,Hawk Nelson,Turn It On,rock,Turn,Tell You Something (Nana's Reprise),100% Pure Love,207.0,612.0,322.0,SONFRYI12A8AE47BBE,SOYSABZ12A58A7CAE3,SODKNOX12AB018664E
TRRKJGZ128F148128F,SOAQCXS12D02191FC1,ART1UFU1187FB4C9B6,Hawk Nelson,Something On My Mind,rock,On My Mind,Valentine,I Like It (Remix),46.0,157.0,481.0,SOGNVKM12A6D4F8CA5,SOZHKRD12AB0185D84,SOOEBXF12A58A78509
